|title|keyphrase
4817|"안철수 ""누가 더 준비됐는지 양자 끝장토론하자""…문재인에 제안(종합)"|{'인물', '나라', '매몰', '장토', '청년 일자리', '토론', '준비', '스스로', '자수성가', '계파', '박근혜', '대한민국', '손학규', '선대위', '상속', '박주선', '내용', '안철수', '진행', '강조', '관점', '가치관', '대통령', '캠프', '요청', '폐해', '우선순위', '생각', '부의장', '회견', '판단', '서류', '구도', '전문가', '운영', '리더십', '청년', '청년 실업', '민주당 문재인', '이광빈', '해결', '종이 서류'}
4823|"안철수 ""누가 더 준비됐는지 양자 끝장토론하자""…문재인에 제안"|{'후보', '장토', '돌파', '문재인 후보', '지적', '준비', '자수성가', '후보 스스로', '박근혜', '집단지', '상속', '내용', '안철수', '사람', '진행', '강조', '역사', '가치관', '대통령', '요청', '폐해', '우선순위', '생각', '전문가', '민주당 문재인', '이광빈'}
4827|"박지원 ""대선은 안철수의 미래와 문재인의 과거 경쟁"""|{'최고', '분열', '문재인', '대한민국', '꽃다발', '과거', '박지원', '안철수 후보', '대통령', '시작', '국회의원 연석회의', '홍지인', '안철수', '골리앗'}
4828|"문재인·안철수로 갈린 호남 민심…""몰표 줄까, 나뉠까"""|{'변수', '이개호', '문재인', '그동안 경쟁자', '관계자', '국회의원', '안희정', '마무리', '볼모', '공약', '용납', '치열', '광주', '급상승', '최대한 활용', '중요', '성공', '이재명', '관심거리', '국회의원 조직력', '촛불', '비난', '선대위', '지지율', '이형석', '정치인', '단체장', '각오', '신경전', '실체', '안철수', '적폐', '내년', '추미애', '성패', '격차', '질문지', '지역민', '총결집', '유권자', '판단', '심볼', '모습', '위원장', '사욕', '포함', '총력전 돌입', '프레임', '원내', '겸손', '바탕', '공학', '텃밭', '민주당', '단일', '애증', '가능'}
4832|"警 '문재인 비방' 신연희 소환통보…""최초작성자도 수사""(종합)"|{'가짜', '카카오톡', '작성자', '문재인', '관계자', '필요', '국정원', '채팅', '횡령', '공산주의', '선거법 위반', '동영상', '사이버 수사대', '대한민국', '경찰청 사이버', '연합뉴스', '정보원', '소환', '신연희 서울', '신연희 강남구', '게시물', '서울 강남구', '신연희 구청장', '배임', '범죄 수사대', '임기창', '개설', '언론', '지난달', '유포', '민주당', '고발', '새롬'}
4850|"문재인측, 北 탄도미사일 발사에 ""무모한 도발 멈춰야"""|{'박광온', '강조', '분야', '후보', '민주당 문재인', '자행', '민주당 박광온', '차례', '박경준', '무력시위', '대통령', '고립', '논평', '김정은', '수석 대변인', '박광온 수석', '북한 동해', '비판', '지적', '미사일', '중단'}
4857|경찰, '문재인 비방 혐의' 신연희 구청장 소환통보|{'카카오톡', '동영상', '별개', '범죄 수사대', '문재인', '사이버 수사대', '대한민국', '공산주의', '경찰청 사이버', '신연희 강남구', '지난달', '민주당', '새롬 기자', '연합뉴스', '신연희', '채팅', '횡령', '신연희 구청장', '선거법 위반', '강남구'}
4869|문재인, 경남 양산 부친 묘소 참배…선대위 구성 논의|{'집중', '노무현', '마을', '경남', '기자', '선대위', '시간', '대통령', '소화', '민주당 문재인', '서울 현충원', '공식'}
4879|"안철수 ""문재인과 인물·정책 대결에서 자신 있다""(종합)"|{'박근혜 대통령', '검찰', '후보', '나라', '문재인', '매몰', '간담회', '관계자', '승리', '협력', '문재인 후보', '릴레이 인터뷰', '계파', '방송사', '의석', '손학규', '박주선', '혁명', '최근 지지율', '경쟁자', '안철수', '결집', '직격', '사람', '위원회', '이진욱', '부분', '지지율 격차', '세종 권역', '선관위', '고발', '권역 합동', '흐름', '혼란', '미래', '목소리', '운영', '개혁', '투표인', '이재림', '지난달', '여소', '극복', '리더십', '청년', '제공', '민주당 문재인', '합동 연설회', '가능', '한밭 체육관', '지지자', '위법'}
4892|"안철수 ""문재인과 인물·정책 대결에서 자신 있다"""|{'박근혜 대통령', '후보', '나라', '문재인', '매몰', '간담회', '교체', '협력', '문재인 후보', '중요', '계파', '관련', '의석', '손학규', '박주선', '경쟁자', '안철수', '직격', '사람', '위원회', '이진욱', '지지율 격차', '세종 권역', '권역 합동', '흐름', '혼란', '오후', '목소리', '운영', '과반', '이재림', '부탁', '극복', '리더십', '민주당 문재인', '합동 연설회', '가능', '한밭 체육관', '지지자'}
5001|"문재인 ""문자폭탄 상처 깊은 유감…앙금 해소하겠다""(종합)"|{'참석', '폭탄', '후보', '역할', '촬영', '근간', '마음', '흥미', '복귀', '이상헌', '유감', '토론', '안희정', '필요', '정춘숙', '박원순', '접촉', '치열', '오전', '면담 요청', '인터뷰', '준비', '이재명', '책임', '총영사관', '모색', '선대위', '지지자 가운데', '조직', '행위', '지역구', '득표율', '그동안', '현역 단체장', '민주당 후보', '안철수', '위로', '적폐', '언급', '캠프', '생각', '결합', '위안부', '간섭', '김부겸', '대한민국 건설', '소녀', '개혁', '민주당', '민주당 문재인', '반발'}
5027|"문재인-안철수측 ""인정사정 볼것 없다""…프레임 전쟁 나서나"|{'왜곡', '총괄 본부', '취업 특혜', '약점', '형성 여부', '패권주의', '상황', '보수 세력', '필요', '패권주의 프레임', '국민', '치열', '일축', '우려', '박지원', '최경환', '물론', '김현정', '박근혜', '시나리오', '출연', '최고위', '염두', '아들 취업', '연합뉴스', '오만', '적폐 청산', '안철수', '인식', '적폐', '열망', '언급', '집중', '홍지인 박경준', '대통령', '보수', '송영길', '미래', '뉴스쇼', '핵심 관계자', '목소리', '직후', '그동안 얘기', '적폐 세력', '라디오', '프레임', '민주당 문재인', '초점', '투트'}
5032|"문재인 ""문자폭탄 상처 깊은 유감…앙금 해소하겠다"""|{'폭탄', '후보', '마음', '앙금', '정권', '안희정', '박원순', '치열', '인터뷰', '준비', '시너지', '풀이', '이재명', '책임', '대한민국', '평가', '선대위', '지지자 가운데', '이상헌 서혜', '최성 후보', '조직', '지역구', '득표율', '그동안', '지지율', '언급', '선거인단 참여', '캠프', '생각', '원동력', '김부겸', '개혁', '극복', '민주당 문재인'}
5136|"문재인 ""역대 대통령 공과, 역사이자 뛰어넘어야 할 과제"""|{'굴곡', '나라', '반칙', '부정부패', '오전', '김대중', '대한민국', '묘역 참배', '이상헌 서혜', '참배 방명록', '그늘', '민주당 대통령', '적폐', '언급', '지도부', '보훈', '대통령 묘역', '무명용사 묘역', '사유', '김영삼', '박정희', '이승만', '민주당 문재인', '현충원'}
5216|'대권 재수' 문재인, 5년 前과 달라진 점은 뭘까|{'후보', '나라', '약점', '창조', '화룡점정', '필요', '표방', '그림', '협력', '인터뷰', '준비', '스스로', '소득', '박근혜', '대한민국', '영남 권역', '영입', '무게', '운명', '포용', '관련', '박경준', '캠프 산하', '노력', '각오', '비판', '설명', '합격', '농단', '강조', '꽃다발', '대통령', '대한민국 위원회', '대통령 후보', '김광두', '생각', '탄핵', '회견', '변화', '위원장', '종편', '오후', '수식어', '지난번', '로드맵', '목소리', '핵심 관계자', '다음', '실내 체육관', '이야기', '대연정', '여성지', '담론', '극복', '민주당 문재인', '언론', '지지자'}
5243|문재인 후보, 현충원 참배로 첫 본선행보…봉하마을 방문|{'이동해', '박정희', '노무현', '동작동', '이승만', '지도부', '기자', '대통령', '현충원 방문', '권양숙', '민주당 문재인', '김대중'}
5288|"홍준표측 ""문재인 후보, 의혹 해명하고 정책으로 겨뤄야"""|{'전희경 대변인', '의구심', '문재인', '대한민국', '수석', '평가', '홍준표 캠프', '논평', '민주당', '직접', '승리', '자유', '세력', '민주당 문재인', '적폐 청산', '본격', '홍준표 이슬기'}
5290|문재인-안철수 '어게인 2012'…5년만에 대권 놓고 재대결|{'강원', '민주당 문재인', '돌입', '소속', '장충 체육관', '치명타', '상황', '교체', '서울 장충', '연설회', '경쟁자 관계', '급상승', '국민', '지난해', '박동주', '충청', '티켓', '박근혜', '이지은', '차례', '맞대결', '취재진', '지지율 흐름', '형국', '마지막 순간', '건곤일척', '안철수', '리턴', '사람', '출마', '행진', '스카이', '양측', '대통령', '한솥밥', '소속 안철수', '달개비', '해인', '최종', '서울', '외나무다리', '수도', '지지층', '개최', '이듬해 국민', '확정', '관계', '웃음', '사퇴', '격돌', '장외', '지지자'}
5303|문재인의 집권구상 키워드는 '적폐청산 통한 국민통합'|{'계획', '박근혜 대통령', '나라', '문재인', '완성', '심어', '미래 개혁', '부정부패', '포인트', '치열', '희생', '점철', '이재명', '양민', '초월', '별개', '시스템', '평등', '대한민국', '질서', '관련', '신준희', '포용', '중년', '항쟁', '대통령 파면', '절차', '위안부 합의', '한반도', '적폐 청산', '근본', '최우선', '일자리 창출', '언급', '연장선', '스펙트럼', '스카이', '지지자', '압승', '대통령', '공화국', '몰상식', '도움', '생각', '무기', '미사일', '축하', '약속', '노년층', '서울 구로구', '차별', '귀결', '서울', '건설', '철학', '다음', '갈등 프레임', '이분법', '오후 서울', '난마', '요지', '민주당', '대전환', '민주당 문재인', '안희정 충남', '쓰레기통'}
5315|[표] 문답으로 알아본 문재인|{'민주당 문재인', '문재인 대선', '대선 후보'}
5329|"유승민측 ""문재인 후보 선출 축하…이제 국민통합 나서야"""|{'모임', '유승민', '노무현', '김동현', '생각', '세계관', '선출', '지상욱 수석', '이날', '진정', '여의도', '수석 대변인', '민주당 문재인', '김도훈', '갈등', '오전', '우려', '민주당 대통령'}
5330|본선 검증대 오른 문재인…'아들 문제' '안보관' 등 표적|{'결속', '문재인', '과거', '돌파', '유능', '자유', '그룹', '반미', '일축', '갈등', '친문', '서울시', '여론', '검토', '차단', '총공세', '화학', '신준희', '아들 취업', '발휘', '탕평', '선대위', '적극 쟁점', '진영', '권혁기', '아들', '지지율', '칼날', '연합뉴스', '절차', '정보원', '남북 관계', '한반도', '방침', '허위', '복무', '비판', '부시장', '학번', '휴직', '집중', '민주주의', '정유라', '스카이', '총괄', '대통령', '임종석', '송영길', '캠프 구성', '임명', '논란', '검증', '경색', '지지층', '이후 북한', '발언', '참여', '민주당', '위기감', '리더십', '의혹', '프레임', '민주당 문재인', '폐쇄', '극복', '안희정 충남'}
5356|[연합시론] '대세론 수성' 도전 앞에 선 문재인|{'나라', '불안감', '문재인', '정의당 심상정', '도약', '관측', '분열', '상황', '생명', '부정부패', '안희정', '증오', '자유', '내부', '이재명', '절반', '통합', '촛불', '질서', '권역', '모색', '존위', '지지율', '처음', '박빙', '적폐 청산', '안철수', '신뢰', '출마', '최근', '직행', '해소', '흐름', '대통령 탄핵', '청산', '기류', '화해', '포함', '유승민', '그동안 각종', '형성', '홍준표', '민주당', '적임자', '리더십', '태극기', '선택', '각종 여론'}
5361|문재인 승리 '숨은공신' 아내 김정숙씨…'풍찬노숙' 내조|{'구석구석', '참석', '강원', '광산구', '바자회', '정신대 피해자', '역할', '문재인', '대변인 역할', '대중목욕탕', '관계자', '승리', '완도군 소안도', '공식', '지난해', '독립 운동가', '출연', '연합뉴스', '책임감', '정치인', '밀착', '피해자 할머니', '미술', '활약상', '양강 할머니', '종친회', '홀아비', '예방', '압승', '섬마을', '캠프', '대통령', '서혜', '변호사', '허달재', '생각', '판단', '김정숙', '모습', '이야기', '인터넷', '카페', '춘설', '지난달', '운동가 김남두', '민주당', '극복', '유니버시아드 체육관', '고마움', '언론', '며느리'}
5371|"정의당 ""문재인 대선후보 선출 축하…선명한 개혁경쟁"""|{'정의당', '법인세', '임금', '문재인', '위원회 대변인', '안희정', '확대', '입장', '자유', '이재명', '구조', '대한민국', '지역주의 해소', '성과', '박근혜', '안철수', '민주당 대통령', '적폐', '기자', '오늘날 대한민국', '권위주의', '명시', '검증', '배진교', '비정규직'}
5373|"국민의당 ""문재인 후보 확정 진심으로 축하…선의의 경쟁하자"""|{'이재명', '최종', '장진영 대변인', '페이스북', '평가', '안철수', '격려', '대통령', '미래 세력', '부정부패', '안희정', '논평', '산업', '세력', '별도', '김철근 대변인', '민주당 문재인', '국민', '박지원'}
5376|문재인, 민주당 대선후보로 대권 재도전…경선 득표율 57%(종합)|{'고양', '정의당 심상정', '미래 개혁', '부정부패', '안희정', '포인트', '안철수 급부상', '석패', '급상승', '구로구 고척', '이재명', '누적 득표율', '통합', '여론', '박근혜', '교섭단체 가운데', '대한민국', '질서', '시나리오', '신준희', '장미', '선대위', '레이스', '현직 단체장', '직면', '손가락', '적폐', '운동', '누계', '직행', '강조', '서울 고척', '난무', '고척 스카이', '어온', '합류', '대통령', '캠프', '추미애', '누적', '몰상식', '청산', '역부족', '김종인', '어깨', '서울 구로구', '대진표', '사실', '포함', '유승민', '마련', '심혈', '지지층', '광폭', '이분법', '오후 서울', '경쟁력', '홍준표', '발판', '非文', '민주당 문재인', '양강', '권역', '쓰레기통'}
5388|"한국당 ""문재인 후보 축하…선의의 경쟁 펼치자"""|{'강원', '누적 득표율', '고척 스카이', '일러스트 이슬기', '대통령', '인사', '논평', '자유', '민주당 문재인', '정준길 대변인'}
5390|민주 대선후보 문재인, 인권변호사서 '적폐청산 선봉' 자임|{'민주당 비대위', '문재인', '저서', '폐족', '관계자', '국회의원', '미군', '치열', '석방', '담배', '탄핵 심판', '우여곡절', '재결합', '길가', '노무현 대통령', '손학규', '신준희', '통합민주당', '국민장', '연수원', '박연차', '정치인', '출마', '마지막', '스카이', '어온', '배달', '고승덕 변호사', '대통령 후보', '김종인', '위원장', '양동이', '의기투합', '설립', '글씨', '피란민', '민주당', '적임자', '프레임', '봉하', '지지자', '움직임', '후보', '하반기', '패권주의', '핵심', '교체', '청와대', '이재명', '등극', '박원순 서울', '구호물자', '分黨', '득표율', '지지율', '처음', '안철수 후보', '격무', '위원회', '청소년기', '현실', '대흥사', '모두', '징집', '걸출', '입버릇', '함경도', '대통령 탄핵', '탄핵', '송두환', '사법연수원 차석', '가운데', '검찰', '세월', '눈물', '유치장', '복귀', '돌파', '안희정', '승리', '경희대', '이듬해', '가난', '와신상담', '문제아', '생활', '스카우트', '변호인', '흥망성쇠', '변호사', '불편', '소용돌이', '서거', '투입', '히말라야 트래킹', '어머니', '밥벌이', '재판관', '서울', '노무현', '박시환 대법관', '구축', '무릎', '대변인', '석패', '초등', '재수생', '중학교', '리어카', '쿠데타', '박근혜', '대한민국', '침잠', '대의명분', '포용력', '뇌물', '판문점 도끼', '항쟁', '경쟁자', '바람', '사상구', '다짐', '합격', '이사장', '아버지', '박근혜 후보', '대통령 서거', '군복', '김정숙', '각종', '참여', '이명박', '조영래 변호사'}
5408|문재인, 민주당 대선후보로 선출…경선 득표율 57%(3보)|{'후보', '문재인', '정의당 심상정', '안희정', '포인트', '석패', '자유', '공식', '이재명', '홍준표 후보', '통합', '박근혜', '교섭단체 가운데', '평가', '신준희', '레이스', '득표율', '안철수', '민주당 대통령', '직행', '스카이', '대통령 후보', '서울 구로구', '사실', '심상정 후보', '서울', '포함', '마련', '오후 서울', '유승민 후보', '민주당', '발판', '민주당 문재인', '권역', '지지자'}
5422|"문재인 ""이번 대선은 정의와 불의의 대결""…대선후보 수락연설"|{'나라', '문재인', '이상헌', '미래 개혁', '부정부패', '인사', '교체', '갈등', '구로구 고척', '중요', '이재명', '최성', '통합 대통령', '제주', '통합', '대한민국', '질서', '신준희', '자세', '의미', '정치인', '그동안', '미래 지도자', '민주당 대통령', '다짐', '서울 고척', '꽃다발', '지지자', '고척 스카이', '추미애', '보수', '대통령', '과거 적폐', '旗幟', '캠프', '몰상식', '좌우', '약속', '결별', '서울 구로구', '노년층', '직후', '중년층', '안희정 통합', '이분법', '오후 서울', '민주당', '민주당 문재인', '단계', '쓰레기통'}
5438|민주 경선 최종, 문재인 1위·안희정 2위·이재명 3위(속보)|set()
5451|문재인, 민주당 대선후보로 선출(2보)|{'이재명', '강원', '서울', '후보', '수도', '누적 득표율', '득표율 과반', '스카이', '기자', '과반', '순회', '안희정', '누적', '민주당 문재인', '공식', '권역'}
5452|문재인, 민주당 대선후보로 선출(1보)|set()
5466|"박지원, 어제 김종인과 회동…""金도 '문재인 절대 안돼' 공감"""|{'나라', '문재인', '동맹', '지지율 추이', '간담회', '관계자', '수감', '안희정', '영향', '요구', '교도관', '공개', '박지원', '이재명', '강경', '박근혜', '성과', '평가', '관련', '모색', '최대치', '김정은', '트럼프 행정부', '지지율', '대책위', '단체장', '처음', '내용', '미사일 방어', '함구', '조찬', '대통령', '생각', '김종인', '이광빈 홍지인', '유세', '정보국', '예견', '얘기', '민주당', '장외', '안희정 충남', '분석'}
5495|"""3자·5자 대결 문재인 승리…안철수 약진"""|{'내일신문', '정의당 심상정', '무응답', '포인트', '후보 지지층', '성별', '지난해', '행정자치부', '홍준표 후보', '연령', '여론', '모름', '디오 피니언', '안철수', '이귀원', '유권자', '표본', '심상정 후보', '심의위 홈페이지', '가중값', '등록', '유승민 후보', '민주당 문재인'}
5507|"문재인 ""안희정의 통합정신·이재명의 분노 맞잡겠다"""|{'참석', '문재인', '강원도', '한과 눈물', '이상헌', '교체', '안희정', '황해', '박원순', '치열', '준비', '이재명', '제주', '통합', '호소', '부끄러움', '박근혜', '조금', '올림픽', '신준희', '포용', '용서', '항쟁', '오로지 문재인', '특별', '명품', '안철수', '적폐', '언급', '경기도', '내년', '총동원', '스카이', '대통령 후보', '제주 마지막', '좌절', '하루', '혜택', '중심지', '추념식', '서울', '김부겸', '일자리', '남북', '왼쪽', '골목', '오로지', '민주당', '해결', '선거'}
5538|경찰, '문재인 비방 혐의' 신연희 구청장 조만간 소환 방침|{'카카오톡', '대변인', '피의자', '문재인', '번호', '단체 채팅', '정광용', '간담회', '체포영장 검토', '마무리', '요구서', '공산주의', '선거법 위반', '법률 위반', '검토 임기창', '동영상', '애초 지난달', '박근혜', '대한민국', '저항 총궐기', '파손', '참가자', '디지털', '사태', '손괴', '소환', '신연희 서울', '서울 강남구', '대통령 탄핵', '김정훈 서울', '단체', '총궐기 운동', '정광용 대변인', '바탕', '구청장', '서울 경찰청', '공직 선거법', '지난달', '압수수색', '민주당', '나머지'}
5558|"문재인측 ""文 검증된 지지도"" vs 안희정측 ""文, 확장성에 문제"""|{'문재인', '안희정', '융단 폭격', '국민', '박지원', '준비', '취업', '박근혜', '양극단', '아들 취업', '마지막 순회', '아들', '지지율', '임형섭', '노력', '차이', '내용', '예상', '안철수', '최근 급상승', '제기', '라디오 인터뷰', '최근', '운동', '멘토', '마음속', '역선택', '이날', '대통령', '송영길', '호감', '생각', '탄핵', '지지자 상당수', '검증', '크다', '분리', '경쟁력', '이명박', '촛불 민심', '박영선', '민주당', '안희정 충남', '처마'}
5561|"""문재인 34.9%, 안철수 18.7%, 안희정 12.1%, 이재명 10%"""|{'정의당 심상정', '중앙', '대부분', '가중치 부여', '반면', '강건', '포인트', '부여 방식', '급상승', '개요', '행정자치부', '이재명', '리얼미터 홈페이지', '시나리오', '손학규', '남녀', '응답자', '진영', '지지율', '위원회 홈페이지', '자릿수', '안철수', '하락세', '실시', '시장', '참조', '김진태', '상승세', '표본', '포함', '유승민', '결과 리얼미터', '서울', '지지층', '지난주', '안희정 충청남도', '지난달', '홍준표', '공동', '단일', '민주당 문재인', '마감'}
5578|"""문재인 34.6%·안철수 22.3%·안희정 12.0%""< KSOI>"|{'후보', '문재인', '정의당 심상정', '연구소', '부정부패', '포인트', '회복', '홈페이지 참조', '이재명', '통합', '지지율', '대책위', '위원회 홈페이지', '적폐 청산', '안철수', '최우선', '진행', '일자리 창출', '포인트 하락', '시장', '심상정', '유권자', '김종인', '표본', '소통 강화', '유승민', '지난주', '포인트 서혜', '홍준표', '활성', '가운데', '민주당 문재인'}
5615|"한국당, 문재인·안철수 '동시 때리기'…""반드시 검증"""|{'권한', '민주당 문재인', '여의도', '동정표', '절하', '배영경', '특혜 취업', '풀이', '맥락', '감옥', '박근혜', '위원회 연석회의', '공세 수위', '일부', '아들 취업', '지지율', '비판', '정우택 원내대표', '안철수', '최근 각종', '완승', '진행', '위원회', '공세', '강조', '잔재', '취업 논란', '정유라', '맹공', '대통령', '운운', '환경', '탄핵', '특혜 논란', '코스프레', '위원장', '이야기', '안철수 바람', '송곳', '발언', '얼치기', '지난달', '홍준표', '예고', '부탁', '한국', '투명', '취업 특혜', '정보원 특혜'}
5627|"문재인, 에너지 전문가 5명 영입…""대체에너지 정책수립"""|{'문재인', '화이트 컨설턴트', '세라믹', '공학부', '연구소', '베이츠 화이트', '김용식 비제이', '인디아나', '항공', '보도', '백운규 한양대', '연구소 초청', '컬럼비아 대학교', '연구원 태양광', '발전소', '선임 연구원', '양성훈 베이츠', '대학교', '전문가 그룹', '태양광 연구실', '초청 연구원', '대한민국 위원회', '에너지', '부산 대학교', '한양대 에너지', '김광두 위원장', '민주당', '물리학', '정연길', '취득', '연구원'}
5640|"정우택 ""문재인 아들 취업의혹, 당과 국회서 엄정한 검증"""|{'문재인', '마음', '장충 체육관', '국회의원', '해결 방법', '서울 장충', '반칙', '선거', '자유', '영향', '위원장 연석회의', '포퓰리즘', '책임', '대한민국', '기념관', '아들', '정우택 원내대표', '강조', '농단', '김동현', '대통령 선거', '창출', '대통령', '인사말', '이야기', '홍준표', '민주당', '정보원 특혜'}
5645|문재인·안철수 조우 불발…맞대결 가능성엔 '웃음만'|{'참석자', '급식', '마찬가지', '도착', '만남', '안철수 박동주', '신분', '배치', '영양사 분야', '문재인 박동주', '상시', '불발', '박근혜', '대한민국', '안철수 맞대결', '평가', '박경준', '초청', '지지율', '행사장 도착', '책임감', '보건소 영양사', '예상', '안철수', '정규직', '내빈', '의견', '막바지', '언급', '회계', '자긍심', '주황색 스카프', '모습', '단체', '송파구 올림픽', '미래', '추진', '영양사', '이명박', '호응', '비정규직', '민주당 문재인', '일자리'}
5670|문재인, 민주 영남경선 64.7%로 압승…누계 59.0% 본선행 '눈앞'(종합)|{'강원', '고양', '체육관', '돌입', '문재인', '관측', '정권', '안희정', '포인트', '필요', '승리', '사직 체육관', '누계 투표율', '비중', '참패', '국민', '역동', '추격', '이재명', '연승', '누적 득표율', '투표율', '활용', '사직', '일부', '취재진', '인터뷰 조정호', '민주당 후보', '카운트다운', '민주당 대통령', '마지막', '누계', '빨간불', '격차', '선거인단', '총력전', '대통령 후보', '오후', '포함', '직후', '대한민국 건설', '누적 과반', '지지층', '과반', '일방', '참여', '민주당', '공동', '가운데', '가능'}
5674|문재인, 민주 영남경선 64.7%로 압승…누계 59.0% 본선행 '눈앞'(3보)|{'강원', '관측', '압승 환호', '안희정', '사직 체육관', '참패', '역동', '문재인 조정호', '추격', '이재명', '누적 득표율', '활용', '일부', '최성 고양', '민주당 후보', '민주당 대통령', '상당', '누계', '마지막', '격차', '선거인단', '대통령 후보', '막판 총력전', '오후', '누적 과반', '지지층', '실내 체육관', '사직 실내', '과반', '일방', '참여', '민주당', '공동', '투표수', '가운데', '가능', '지지자'}
5684|민주 영남 경선, 문재인 64.7%·이재명 18.5%·안희정 16.6%(속보)|set()
5685|문재인, 호남·충청·영남 누계 59%…'본선직행' 눈앞(속보)|set()
5688|문재인, 민주 영남 경선서 64.7%로 압승…본선 '성큼'(속보)|set()
5689|민주 영남 경선, 문재인 1위·이재명 2위·안희정 3위(속보)|set()
5691|문재인, 민주당 영남 경선서도 압승…3연승 질주(2보)|{'이재명', '부산 사직', '권역 선출', '체육관', '문재인', '직행', '정견', '후보 선출', '안희정', '민주당', '승리', '득표율', '대통령 후보', '지사', '가능', '민주당 대통령'}
5694|문재인, 민주당 영남 경선서도 승리…3연승 질주(1보)|set()
5699|"""문재인 31%, 안철수 19%, 안희정 14%""<갤럽>(종합2보)"|{'선호도', '문재인', '페이스북', '정의당 심상정', '각축', '가운데 민주당', '안희정', '포인트', '포인트 급등', '한국갤럽', '세종', '우위', '김토일', '오름세', '개요', '지난해', '행정자치부', '이재명', '처리', '연령', '여론', '강세', '지지율', '민주당 지지층', '위원회 홈페이지', '안철수', '신뢰', '포인트 하락', '관심', '시장', '이귀원', '한국갤럽 홈페이지', '참조', '김진태', '심상정', '유권자', '트위터', '표본', '다음', '유승민', '서울', '홍준표', '민주당', '가운데', '민주당 문재인', '분석', '급등'}
5706|"문재인 ""영남서 더 압도적 지지로 정권교체""…영남경선"|{'변수', '체육관', '반문', '문재인', '하늘', '이상헌', '교체', '자랑', '시베리아 가스관', '김대중', '충청', '항공', '화합', '출발', '박근혜', '대통령 추도식', '노무현 대통령', '사직', '영남도', '플랜트 산업', '구속', '견인차', '강조', '언급', '교체 최전선', '민주주의', '모두', '허탈', '지역주의', '미래형 글로벌', '대통령', '개척', '파탄', '작년', '오후', '혁신', '유럽', '활력', '이명박', '텃밭', '의원', '민주당', '동북아', '동해안', '공격', '글로벌 산업'}
5729|"""문재인 31%, 안철수 19%, 안희정 14%""<갤럽>(종합)"|{'선호도', '문재인', '페이스북', '정의당 심상정', '각축', '가운데 민주당', '안희정', '포인트', '포인트 급등', '한국갤럽', '세종', '우위', '김토일', '오름세', '개요', '행정자치부', '이재명', '처리', '연령', '여론', '강세', '지지율', '민주당 지지층', '위원회 홈페이지', '안철수', '신뢰', '포인트 하락', '관심', '시장', '이귀원', '한국갤럽 홈페이지', '참조', '김진태', '심상정', '유권자', '트위터', '표본', '다음', '유승민', '서울', '홍준표', '민주당', '가운데', '민주당 문재인', '분석', '급등'}
5743|"""문재인 31%, 안철수 19%, 안희정 14%""<갤럽>"|{'정의당 심상정', '페이스북', '안희정', '포인트', '한국갤럽', '김토일', '개요', '행정자치부', '이재명', '처리', '연령', '지지율', '위원회 홈페이지', '안철수', '도지사', '신뢰', '이귀원', '한국갤럽 홈페이지', '김진태', '유권자', '트위터', '유승민', '홍준표', '가운데', '민주당 문재인'}
5782|경찰, '문재인 비방글' 신연희 강남구청장 휴대전화 압수|{'계획', '카카오톡', '강남구', '시물', '신연희', '채팅', '공산주의', '동영상', '사이버 수사대', '대한민국', '선거법', '경찰청 사이버', '후보 문재인', '전화', '신연희 강남구', '구청장 집무실', '임기창', '압수수색', '민주당', '중앙 선거관리위원회', '고발장', '수사진'}
5798|"문재인 ""안희정·이재명 함께하는 민주당 정부 만들 것""…TV토론"|{'감사', '이재명', '충청', '서울', '김부겸', '토론회', '나라', '스튜디오', '보수', '대통령', '안희정', '위기', '박원순', '임형섭', '민주당 문재인', '국민', '상식'}
5800|"심재철 ""문재인 아들 입사원서에 날짜 변조 의혹"""|{'왜곡', '범죄', '가위질', '추구', '부적격', '일반직', '하태경', '우편', '가로획', '단독', '변조', '대표', '아들', '정보원', '회의', '특혜', '블로그', '제기', '작성', '위원회', '강조', '나이', '김동현', '선관위', '이날', '날짜', '미비', '결탁', '접수', '흔적', '부의장', '선거관리위원회', '거짓', '권력', '심재철', '공무원 특채', '훼손', '은폐', '증명서', '가운데', '민주당 문재인'}
5805|"유승민 ""도로친박당이나 문재인에 나라 맡길 수 없다"""|{'광물', '분열', '나라', '핵심', '교체', '배치', '공무원', '사무소', '김정일', '여론', '결의안', '선대위', '허용', '미사일 방어', '정종근 포천', '류미나', '위원회', '적폐', '강조', '중앙당', '인명진 위원장', '대통령', '장본인', '청와대 회의', '유승민', '이야기', '혁신', '경기도 포천', '겨냥', '김무성', '감동', '드라마', '민주당 문재인', '도로', '일자리'}
5824|"""문재인 35.2%, 안철수 17.4%, 안희정 12.5%, 이재명 9.5%"""|{'반기문', '문재인', '정의당 심상정', '상당수', '범위', '가중치', '대부분', '강건', '포인트', '회복', '홍준표 경상남도', '개요', '지난해', '행정자치부', '이재명', '리얼미터 홈페이지', '여론', '랭크', '내림세', '시나리오', '손학규', '동향 여론', '답변', '지지율', '처음', '위원회 홈페이지', '사무총장', '자릿수', '안철수', '컨벤션', '실시', '하락세', '참조', '김진태', '심상정', '장년층', '상승세', '탈환 리얼미터', '유승민', '서울', '지지층', '지난주', '안희정 충청남도', '본거지', '오차', '나머지', '단일', '민주당 문재인', '초반', '방식', '탈환 홍준표'}
5869|문재인, 민주 충청 경선서도 47.8%로 승리…2연승에 누계 55.9%(종합)|{'비상 선거인단', '강원', '체육관', '유효 투표수', '마음', '내달', '어감', '필요', '포인트', '역동', '이재명', '통합', '대한민국', '판가름', '승부처', '득표율', '대회전', '민주당 대통령', '추격전', '누계', '말씀', '시장', '탄력', '격차', '대통령', '생각', '반환점', '안희정 텃밭', '급선무', '누적 과반', '청신호', '개혁', '과반', '중원', '송수경', '출신', '극복', '가운데', '민주당 문재인', '권역', '지지자'}
5875|"이재명 ""문재인 과반 저지하고 결선서 결판 내겠다"""|{'고양 시장', '체육관', '문재인', '교체', '안희정', '우위', '준비', '이재명', '바닥', '박경준', '싸움', '최성 고양', '방송 토론회', '당부', '단순', '사람', '누계', '시장', '대통령', '선거인단', '신념', '철학', '다음', '입증', '왼쪽', '과반', '민주당', '민주당 문재인'}
5882|"문재인 ""개혁 위한 압도적 대선승리는 압도적 경선승리가 바탕"""|{'감사', '지난번', '생각', '후보', '체육관', '대한민국', '마음', '개혁', '안희정 후보', '이재명 후보', '정권', '서혜', '승리', '민주당 문재인'}
5883|한국당-문재인측, '文 파산관재인' 역할 두고 종일 공방|{'왜곡', '김태년 캠프', '핵심', '소송', '논평', '유병언', '상대', '신세계', '그룹', '피해자', '탕감', '관재인 부분', '김성원', '전매특허', '화학', '가집행', '강제집행', '명예훼손', '싸움', '처음', '허위', '유병언 업체', '판결', '김동현', '혐의', '김성원 대변인', '대통령', '변호사', '운운', '관재인', '투입', '대여금 반환', '김경수 대변인', '노무현', '서울', '증폭', '김성원 검찰', '홍준표', '반환 소송', '한국', '민주당 문재인'}
5887|문재인, 민주 충청경선서도 47.8%로 승리…2연승에 누계 55.9%(3보)|{'강원', '권역 순회', '체육관', '유효 투표수', '내달', '포인트', '승리', '역동', '이재명', '제주', '민주당 대통령', '추격전', '시장', '반대', '대통령', '안희정 텃밭', '과반', '송수경', '극복', '어감', '민주당 문재인', '가능', '지지자', '각종 여론'}
5908|문재인, 민주 충청 경선서도 승리…호남 이어 2연승(2보)|{'이재명', '체육관', '문재인', '송수경', '순회', '안희정', '텃밭', '승리', '대통령 후보', '지사', '투표수', '민주당 대통령'}
5913|"""문재인 33.0%·안철수 16.6%·안희정 12.6%·이재명 11.2%"""|{'부여', '정의당 심상정', '소속', '녹화', '급등세', '후보 지지율', '안희정', '포인트', '후보 지지층', '서울 마포구', '홍지인', '개요', '행정자치부', '안희정 지지층', '이재명', '김관용', '손학규', '한편', '연합뉴스', '민주당 지지층', '처음', '위원회 홈페이지', '안철수 후보', '신경전', '안철수', '도지사', '포인트 하락', '기자단', '실시', '시장', '남경필 경기도', '참조', '김진태', '유승민', '서울', '안희정 후보', '가중값', '홍준표', '가운데', '민주당 문재인', '데일리안', '이인제'}
5931|"범보수 ""문재인 대통령 되면 매우 위험""…안보 고리로 십자포화"|{'체육관', '참석자', '대변인', '불안감', '문재인 양영석', '필요', '논평', '유병언', '신세계', '그룹', '이복형', '홍준표 경상남도', '광화문 프레스센터', '김주성', '피해자', '탕감', '호소', '명예훼손', '진영', '김정은', '도지사', '반대편', '강조', '유병언 업체', '서울 광화문', '김동현', '프레스센터', '독살', '소개', '현실', '라디오 인터뷰', '김성원 대변인', '대통령', '사고방식', '변호사', '모양새', '우파', '관재인', '좌우', '생각', '투입', '계몽', '철학', '유승민', '서울', '토론회', '노무현', '햇볕', '김명연', '교육', '과거 김대중', '홍준표', '민주당', '혐의', '민주당 문재인', '방송 편집', '세미나'}
5941|"비엠티 ""문재인 전 대표와 특별한 이해관계 없다"""|{'문재인', '유현민', '민주당', '대표', '이해관계', '한국 거래소', '양산', '코스닥', '특별', '엠티', '급등'}
5945|'이제는 본선' 안철수, TK민심 훑고 문재인 때리고|{'순흥', '돌파', '야권', '해석', '관계자', '안철수 김준범', '필요', '인사', '성씨', '평소', '매진', '캠프 총괄', '안동시 옥야동', '질타', '규모 인사', '충청', '통합', '정서', '매머드', '서문시장', '자극', '득표율', '민심', '행보', '작업', '희망', '안철수', '착수', '주안점', '최근', '현실', '효율', '자백', '구성', '캠프', '타이어', '콤팩트', '송영길', '견제', '불모지', '애초', '개혁', '적임자', '민주당 문재인', '혈연'}
5979|"홍준표 ""문재인, '세월호' 유병언 회사 파산관재인 맡았다""(종합)"|{'후보', '토론', '홍준표 경상남도', '탕감', '박근혜', '대한민국', '화두', '법원', '답변', '연합뉴스', '유병언 업체', '적폐', '행방', '대통령', '변호사', '관재인', '문제점', '세탁기', '이야기', '노무현', '운영', '해명', '의혹', '나중', '민주당 문재인', '이슬기', '선임'}
5994|"홍준표 ""문재인, '세월호' 유병언 회사 파산관재인 맡았다"""|{'후보', '바다 이야기', '녹화', '토론', '홍준표 경상남도', '박근혜', '대한민국', '화두', '답변', '유병언 업체', '적폐', '행방', '대통령', '변호사', '관재인', '문제점', '세탁기', '노무현', '운영', '해명', '의혹', '나중', '민주당 문재인', '이슬기'}
5995|"문재인 ""압도적인 필승카드, 영남이 도와달라""…TV토론"|{'낙후', '강조', '마련', '해운대구', '민주당 문재인', '로드맵', '대한민국', '도덕', '이상헌', '후보 토론회', '대통령', '부정부패', '심장', '민주당', '연합뉴스', '지역 방송사', '문재인 조정호', '준비'}
5997|"유승민 ""문재인과 싸워 반드시 이기겠다""…후보 수락연설(종합)"|{'나라', '핵미사일', '페이스북', '중소기업', '문재인', '서울 올림픽', '불안', '국정원', '마무리', '용납', '완료', '압박', '주역', '박근혜', '외교', '평등', '결과 김토일', '답례', '대한민국', '포용', '리스크', '꽃가루', '차이', '뇌관', '김승욱', '마지막', '분야', '국세청', '공직자', '고개', '어려움', '대통령', '공화국', '여망', '실천', '시한폭탄', '진실', '부실기업', '레드라인', '약속', '트위터', '유승민 신준희', '정반대', '환호', '철학', '존중', '도입', '보수당', '개혁', '최단', '경쟁력', '공동체', '생태계', '남경필', '양극', '해결', '일자리', '지지자'}
6001|"유승민 ""문재인과 싸워 반드시 이기겠다""…후보 수락연설"|{'나라', '문재인', '페이스북', '서울 올림픽', '불안', '시작', '마무리', '박근혜', '대한민국', '결과 김토일', '답례', '매도', '꽃가루', '김승욱', '마지막', '어려움', '대통령', '여망', '진실', '트위터', '유승민 신준희', '정반대', '환호', '보수당', '오후 서울', '공동체', '남경필', '지지자'}
6015|[특징주] 문재인株, 호남경선 승리에 '들썩'(종합)|{'문재인', '후보 순회', '대부분', '문재인 테마주', '후보 선출', '권수현', '안희정', '안희정 테마주', '이유로 문재인', '풍문', '문재인 후보', '고가', '브레인', '이재명', '정다운', '관련', '일부', '초반 급등세', '써니', '득표율', '양산', '바른손', '에이', '민주당 대통령', '뉴보텍', '언급', '하락세', '투자주', '프리', '거래일 연속', '안철수 국민', '대통령 후보', '상승세', '코스닥', '오후', '건설', '안철수 테마주', '거래일', '자택', '민주당', '백금'}
6017|"심상정 ""문재인·안철수 구도로 새로운 대한민국 못 만들어"""|{'마식', '정의당', '후보', '문재인', '무기력', '교체', '필요', '신세계', '교체 플러스', '공약', '정회성', '타이어 노동자', '대한민국', '호소', '아시아', '외면', '파크', '사업', '안철수', '허락', '명령자', '강조', '보고서', '역사', '환경 자동차', '에너지', '심상정', '격려', '개혁', '쇼핑몰 입점', '운동장', '민주당', '비정규직'}
6022|"'문재인-안철수' 양자구도론에 文측 ""반문프레임""·安 ""현실화"""|{'호남 중진', '과업', '의구심', '문재인', '형성 강조', '상황', '돌파', '관계자', '과정', '예선전', '간주', '인터뷰', '제시', '실현', '이광빈 박경준', '박근혜', '호남', '비상 대책위', '보수 진영', '신경전', '안철수', '열망', '송영길', '격려', '누리', '김종인', '미래', '이야기', '자신감', '속단', '분위기', '공학', '논의', '민주당 비상', '민주당', '반개혁', '라디오', '단일', '프레임', '격돌', '가능', '캠프 총괄', '방식'}
6032|"노회찬 ""문재인-안철수 일대일 구도 가능성 작아"""|{'민주당 문재인', '징조', '역할', '노회찬 원내대표', '출연', '마찬가지', '관련', '시험 날짜', '비문', '라디오', '홍준표', '김진태', '지사', '태극기', '정의당 노회찬', '문재인 후보', '포부', '조건', '김동호', '안철수', '혹평'}
6036|문재인 압승 이후 비문연대 향방은…'응집력 강화' 관측도|{'문재인', '응집력', '관계자', '후보 선출', '불안', '순회', '안희정', '필요', '해석', '후보 단일', '영향', '입장', '박지원', '이재명', '풀이', '염두', '명분', '승부처', '연합뉴스', '거부', '의미', '회의', '정우택 원내대표', '안철수', '고리', '반대편', '직행', '표차', '향후', '일각', '안갯속 형국', '작용', '청산', '탄핵', '모습', '포함', '예측', '유승민', '패권', '지지층', '추진', '표현', '분위기', '라디오', '홍준표', '민주당', '단일', '한국', '이귀원 이광빈', '가능'}
6042|"진보교육단체 ""문재인 교육공약, 입시문제 해결에 부족"""|{'문재인', '여의도', '미온', '확대', '성향', '해결책', '지적', '공교육', '개편', '검토', '박근혜', '사교육 규제책', '당사자', '관련', '평가', '부족', '블라인드', '눈치', '학년도', '언급', '일러스트', '캠프', '회견', '단체', '모집 축소', '사교육', '이명박', '민주당', '출신', '승은'}
6048|"박지원 ""문재인, 탐욕스럽게 변해…스스로 떠날 때 됐다"""|{'참석', '최고', '문재인', '페이스북', '서울 여의도', '작태', '안희정', '박지원', '대들보', '이재명', '고상민', '봉투', '박근혜', '손학규', '신준희', '물레방아', '새아침', '득표율', '단체장', '비판', '대학생', '안철수', '광역 단체장', '강조', '운동', '언급', '선거인단', '대통령', '접대', '토론회', '부모', '혁신', '등록', '라디오', '민주당', '조직력'}
6057|"송영길 ""호남 문재인 압도적 지지, 안철수 지지는 일종의 격려"""|{'후보', '선출', '신율', '교체', '요구', '호남 순회', '대한민국', '놀이 수준', '상대방', '극렬', '새아침', '호남', '임형섭', '대책위', '특별', '안철수', '사람', '열망', '언급', '왕따 놀이', '송영길', '생각', '김종인', '개혁', '라디오', '얘기', '프레임', '민주당 문재인', '캠프 총괄'}
6059|"주호영 ""문재인 '진짜 안보세력' 주장은 가짜뉴스"""|{'정의당', '상황', '주호영 원내대표', '배치', '공약', '지적', '논거', '관련', '결의안', '이귀원 김동현', '재협상', '세력', '비판', '김동현 기자', '고고', '채택', '해군기지 건설', '가짜 뉴스', '미사일', '다음', '이야기', '촉구', '민주당 문재인', '보복조치', '모순'}
6067|[특징주] 문재인株 '호남경선 승리'에 들썩|{'브레인', '권수현 기자', '뉴보텍', '메탈', '문재인', '선출', '거래일', '급등세', '민주당 대통령', '최대', '민주당', '테마주', '득표율', '우성', '상승세', '바른손', '가운데 우성', '엠티'}
6096|"문재인 ""압도적 승리의 힘으로 정권교체…적폐청산 동력""(종합)"|{'감사', '페이스북', '후보 순회', '동력', '교체', '승리', '준비', '보답', '충청', '부응', '평가', '질문', '연합뉴스', '염원', '각오', '적폐 청산', '강조', '광주광역시', '자평', '헌법', '생각', '믿음', '안희정 후보', '송수경', '유니버시아드 체육관', '민주당 문재인'}
6109|'문재인·안철수 격돌'로 가는 호남 민심|{'여운', '문재인', '마찬가지', '심상정 정의당', '관계자', '안희정', '순회', '마무리', '당직자', '민주당 지지표', '우려', '이재명', '패배', '손학규', '과시', '박주선', '정인섭', '득표율', '처음', '지지표', '안철수', '소감', '압승', '격차', '대통령', '관심사', '용봉동', '그간', '지역민', '유권자', '혼란', '견제', '넘버원', '불식', '운영', '텃밭', '민주당', '흥행', '지지자'}
6119|호남서 '대세론' 확인한 문재인,결선없이 본선 갈까|{'요소', '홈그라운드', '광산구', '달성', '문재인', '상황', '관계자', '교체', '안희정', '포인트', '출신 선거인단', '우위', '험로', '조직력', '아쉬움', '이재명', '추격', '통합', '조금', '다툼', '판가름', '윤곽', '역부족 절감', '레이스', '득표율', '임형섭', '가시밭길', '상징', '안철수', '의견', '최우선', '김인철', '역전극', '집중', '날개', '직행', '공통', '이미지', '바람몰이', '손가락 혁명군', '격차', '대통령', '캠프', '쏠림', '논란', '사실', '최근 국민', '기대감', '목소리', '애초', '지지층', '트레이드 마크', '대연정', '경쟁력', '텃밭', '민주당', '유니버시아드 체육관', '민주당 관계자', '심장부', '가운데', '권역', '분석'}
6140|문재인, 민주 호남경선 60.2% 득표로 압승…대세론 확인(종합)|{'광산구', '고양', '강원', '문재인', '이상헌', '안희정', '포인트', '승리', '이재명', '유효', '패배', '평가', '승부처', '취재진', '형민우', '민주당 후보', '염원', '일정', '근거지', '민주당 대통령', '가능', '비행기', '김인철', '광주광역시', '대학교 유니버시아드', '미지수', '탄력', '선거인단', '최대한', '대통령 후보', '생각', '정권 교체', '환호', '각종', '마련', '청신호', '텃밭', '민주당', '유니버시아드 체육관', '자신', '초반', '지지자'}
6146|"문재인 ""압도적 승리의 힘으로 정권교체…호남 기대에 부응"""|{'감사', '오늘', '충청', '광주광역시', '후보', '생각', '부응', '자평', '강조', '평가', '안희정 후보', '교체', '송수경', '연합뉴스', '욕심', '염원', '승리', '유니버시아드 체육관', '민주당 문재인', '각오', '준비'}
6163|문재인, 민주 호남 경선서 압승…60.2% 득표(3보)|{'광산구', '고양', '문재인', '이상헌', '동력', '안희정', '포인트', '승리', '저하', '우려', '이재명', '제압', '유효', '패배', '평가', '비상', '승부처', '민주당 후보', '근거지', '민주당 대통령', '제기', '광주광역시', '향후', '미지수', '최대한', '대통령 후보', '오후', '부담', '마련', '각종', '직행 가능', '텃밭', '민주당', '유니버시아드 체육관', '자신'}
6179|문재인, 민주 호남 경선서 압승(2보)|{'이재명', '광주광역시', '문재인', '청신호', '선출', '이상헌', '안희정', '민주당', '득표율', '유니버시아드 체육관', '민주당 대통령'}
6194|"김종인 ""문재인과 비문 1대 1 구도 쉽게 이뤄지지 않을 것"""|{'민주당 비대위', '검찰', '나라', '대교구', '문재인', '피의자', '회장단', '지도자', '상황', '간담회', '김종인 김준범', '갈등', '출마 여부', '천주교', '박근혜', '특별', '간담회 참석자', '대구시', '대통령', '장관동 사단법인', '생각', '혼란', '경제', '이야기', '사단법인 담수회', '메시지', '최수호'}
6202|[특징주] 문재인·안철수 대선테마주 동반 급등(종합)|{'소식', '문재인', '과거', '문재인 테마주', '급등세', '권수현', '유가증권', '영향', '고려 산업', '한때 안철수', '설립자', '브레인', '신경민', '관련', '베이스', '써니', '호남', '테마주', '조사', '지지율', '무관', '바른손', '안철수', '뉴보텍', '물산', '안철수 관련', '해명 공시', '하루', '상승세', '멀티미디어', '문재인 캠프', '안철수 테마주', '거래일', '민주당', '공시 우성', '이유로'}
6226|광주시선관위, '문재인 치매설 작성·게시 네티즌' 검찰에 고발|{'왜곡', '치매', '흑색선전', '여운', '조치', '광주광역시 선거관리위원회', '네티즌', '필요 증상', '일반인', '당직자', '문재인 치매', '국내 인터넷', '준비', '제목', '선거법', '블로그 방문자', '광주시 선관위', '노력', '입후보 예정자', '목적', '후보자', '인터넷 블로그', '사이버', '선관위 관계자', '대통령', '실시간 모니터링', '유권자', '판단', '운영', '사이트', '민주당 문재인', '증상'}
6241|전직 부산시의원 12명 문재인 지지 선언|{'김수근', '이동윤', '문재인', '최형욱', '성향', '준비', '김종대', '정대욱', '지방분', '이종민', '사상구', '부산시', '해운대구', '전윤애', '지역주의', '브리핑', '대통령', '전일수', '전반기', '자기반성', '김유환', '선언문', '한나라당', '최영남', '신상해', '이산하', '민주당', '동래구', '금정구'}
6254|"주승용 ""문재인 대세론 꺾어달라는 호남민심 확인"""|{'참석', '세월', '문재인', '도착', '시간', '앵커', '좌측 스태빌라이저', '문재인 후보', '갈등', '주승용 원내대표', '홍지인', '심판', '성공', '최우선 반영', '실현', '투표율', '관련', '비난', '어게인', '회의', '가족', '제기', '다짐', '역선택', '해양수산부', '대통령', '계속', '전두환', '지역민', '선거인단 모집', '발언', '신항', '침몰', '흥행', '투표장', '지지자'}
6279|"""문재인 34.4%·안희정 17.1%·안철수 12.6%·이재명 10.2%"""|{'최고', '정의당', '문재인', '상당수', '상승세 민주당', '탈환', '정의당 심상정', '가중치', '대부분', '핵심', '안희정', '포인트', '순회', '리얼미터', '통계', '방식', '홍준표 경상남도', '개요', '행정자치부', '추격', '이재명', '리얼미터 홈페이지', '여론', '정의당 지지층', '손학규', '레이스', '지지율', '민주당 지지층', '위원회 홈페이지', '네거티브', '안철수', '집계 여론', '마지막', '계층', '하락세', '실시', '시장', '남경필 경기도', '참조', '김진태', '표본', '포함', '유승민', '지난주', '안희정 충청남도', '홍준표', '민주당 문재인', '권역', '분석'}
