	title	twitter_keyphrase
4817	"안철수 ""누가 더 준비됐는지 양자 끝장토론하자""…문재인에 제안(종합)"	{'인물', '치르는', '만들어', '민주당 문재인', '않으', '이루고', '검찰', '반대하기', '매몰', '전대통령', '발표한', '들어오는 모든', '청년 일자리', '협치', '위해서', '간소화', '비판했', '판단할', '깨닫', '재벌', '스스로', '계파', '꿈꾸는', '박근혜', '대한민국', '말씀하신', '손학규', '잊어버리', '상속', '박주선', '지적했', '기득권 민주당', '내용', '더불어 민주당', '거듭 강조했', '우리나라', '시켜', '얻겠', '국민의당 안철수', '진행', '맨몸', '제안한', '보니 대통령', '도대체', '준비된 서류', '반대해', '관점', '유착', '박수윤', '대통령', '읽거', '열린 기자회견', '가치관', '요청', '캠프', '직접', '생각한', '말씀드린 내용', '외우거', '검증', '해결하지 않으', '성공하는', '전문가', '운영', '모실', '꼽으라', '토론해야', '제대로 준비된', '라며', '강조했', '리더십', '청년', '제안했', '대통령 결선투표제'}
4823	"안철수 ""누가 더 준비됐는지 양자 끝장토론하자""…문재인에 제안"	{'만들어', '후보', '않으', '이루고', '전대통령', '돌파', '준비된 사람', '들어오는 모든', '위해서', '후보 검증', '제안했', '문재인 후보', '판단할', '깨닫', '후보 스스로', '꿈꾸는', '끝장', '박근혜', '말씀하신', '잊어버리', '상속', '지적했', '사람 성공하는', '집단지성', '내용', '더불어 민주당', '사람', '국민의당 안철수', '진행', '제안한', '맨몸', '역사', '준비된 서류', '박수윤', '기자회견', '대통령', '가치관', '요청', '생각한', '순위', '외우거', '검증', '전문가', '운영', '토론해야', '제대로 준비된', '강조했', '민주당 문재인'}
4827	"박지원 ""대선은 안철수의 미래와 문재인의 과거 경쟁"""	{'문재인', '과거', '국민의당 박지원', '본격', '경쟁', '뽑았', '대한민국', '바다로', '안철수 후보', '안철수', '골리앗', '국민의당 안철수', '꽃다발', '로부터 축하', '축하 꽃다발', '시작된', '열린', '대통령', '신념', '패권', '국회의원 연석', '강조했', '제안했'}
4828	"문재인·안철수로 갈린 호남 민심…""몰표 줄까, 나뉠까"""	{'문재인', '좁혀', '국회의원', '관계자', '영향', '바라본', '치열', '정치인', '국민의당 심볼', '추미애', '활용하고 국회의원', '예상한', '누구', '내다보기', '국민의당', '위원장', '모든', '포함한', '프레임', '성공한 만큼', '내다봤', '중요성', '로서', '이재명', '시작했', '비난', '이어지는', '지적했', '지지율', '워질', '깨워', '사욕', '오른', '민주당 국민의당', '텃밭', '최대한 활용하고', '애증', '자신', '여운', '그동안 경쟁자', '지나지', '오르는 모습', '안희정', '마무리', '가능성', '승리해', '급상승', '광주', '박차', '촛불', '국민의당 신경', '확인한', '확인했', '이형석', '더불어 민주당', '안철수', '다하겠', '불분명', '아직', '직접', '절대로 용납', '갈수록', '진검', '키워', '해야', '양보할', '지지도', '발판', '만큼', '흥행', '세우고', '야권', '예고하고', '볼모', '그대로 반영', '판단할', '측은 실체', '결정된', '패가', '가하면', '각오', '결집', '격차', '지방선거', '질문지', '유지하면', '유권자', '해달라는', '총력전 돌입', '겸손', '탈락', '바탕', '적폐 세력'}
4832	"警 '문재인 비방' 신연희 소환통보…""최초작성자도 수사""(종합)"	{'공직선거법', '문재인', '관계자', '최초 작성한', '국가정보원', '국정원', '횡령', '공산주의', '동영상', '대한민국', '분석했', '문죄인', '연합뉴스', '경찰청 사이버수사대', '더불어 민주당', '목적', '작성했', '휴대전화', '대해서', '소환', '단톡방 게시', '신연희 서울', '강남구 청장', '언론보도 형식', '카카오', '신연희 강남구', '서울 강남구', '범죄수사', '최초 작성자', '배임', '채새롬', '망하고 문재인', '밝혔', '단톡방', '지난달', '넘겨', '찾아가', '올린'}
4850	"문재인측, 北 탄도미사일 발사에 ""무모한 도발 멈춰야"""	{'대변인', '민주당 문재인', '촉구했', '가게', '심화', '논평', '비판했', '자행', '포기하지 않으', '차례', '박경준', '피하지', '지적했', '김정은', '국제사회 로부터', '돌이', '더불어 민주당', '강조해', '박광온 황광모', '민주당 박광온', '혹독', '반종빈', '미사일', '정상회담', '탄도미사일', '대통령선거', '즉시', '반복되는', '질문하는 박광온'}
4857	경찰, '문재인 비방 혐의' 신연희 구청장 소환통보	{'문재인', '신연희', '횡령', '공산주의', '공직선거법 위반', '동영상', '대한민국', '분석했', '문죄인', '연합뉴스', '경찰청 사이버수사대', '더불어 민주당', '휴대전화', '놈현', '소환', '강남구 청장', '카카오', '신연희 강남구', '범죄수사', '채새롬', '망하고 문재인', '단톡방', '지난달', '찾아가'}
4869	문재인, 경남 양산 부친 묘소 참배…선대위 구성 논의	{'노무현', '집중할', '알려졌', '보내면', '봉하마을', '틈틈이', '방문한', '대통령', '소화하며', '관련해 논의할', '국립서울현충원', '양산', '민주당 문재인', '더불어 민주당', '최평'}
4879	"안철수 ""문재인과 인물·정책 대결에서 자신 있다""(종합)"	{'박근혜 대통령', '검찰', '체육관', '문재인', '반대하기', '매몰', '실업', '해결할', '제공한', '간담', '비판했', '승리하겠', '협력', '릴레이 인터뷰', '판단할', '요즘', '충북', '계파', '다른', '해결될', '방송사', '누가', '손학규', '재림', '박주선', '빠졌', '지지율', '관련해', '산업혁명', '얼마나', '거듭 강조했', '더불어 민주당', '경쟁자', '안철수', '정해졌', '말씀드렸', '직격', '후보자', '최근 지지율', '국민의당 안철수', '이진욱', '위원회', '부분', '단호', '세종 권역', '일어날', '향후', '선관위', '박수윤', '열린', '가장', '권역 합동', '조선왕조', '기다리', '흐름', '특단', '합동 연설', '시대정신', '누구', '제대로', '해결한', '투표', '혼란', '대처할', '국민의당', '인사하고', '긴밀', '미래', '목소리', '모든', '바꾸면', '운영', '밝혔', '집권', '개혁', '오히려', '해결해야', '지난달', '극복', '리더십', '면서', '국민의당 관계자', '민주당 문재인', '지지자'}
4892	"안철수 ""문재인과 인물·정책 대결에서 자신 있다"""	{'박근혜 대통령', '체육관', '문재인', '반대하기', '매몰', '교체', '간담', '비판했', '승리하겠', '요즘', '충북', '계파', '다른', '누가', '관련', '손학규', '재림', '박주선', '빠졌', '얼마나', '더불어 민주당', '경쟁자', '거듭 강조했', '안철수', '정해졌', '말씀드렸', '직격', '후보자', '최근 지지율', '결집', '이진욱', '역사', '국민의당 안철수', '지지율 격차', '세종 권역', '일어날', '박수윤', '열린', '권역 합동', '조선왕조', '흐름', '합동 연설', '시대정신', '누구', '제대로', '위원회 구성', '혼란', '국민의당', '인사하고', '소야', '오후', '긴밀', '목소리', '모든', '바꾸면', '운영', '밝혔', '오히려', '극복', '리더십', '민주당 문재인', '지지자'}
5001	"문재인 ""문자폭탄 상처 깊은 유감…앙금 해소하겠다""(종합)"	{'참석', '폭탄', '만들어', '후보', '촬영', '마음', '이재명 성남시장', '앙금', '복귀', '이상헌', '유감', '혜림', '정춘숙', '박원순', '접촉', '해주시', '뛰어다니느', '율과 득표율', '치열', '하나로', '면담 요청', '반발', '지적하고 소녀', '인터뷰', '이재명', '넓혀', '책임져', '설명하겠', '세력 후보', '국민의당 후보', '생각하며', '합하기', '지지자 가운데', '보내 의원님', '말씀드린', '되어야', '지역구', '민주당 후보', '그동안', '더불어 민주당', '끝났', '적폐 청산', '안철수', '격렬', '최대한 높이는', '몰랐', '국민의당 안철수', '입었', '언급', '우리 후보', '친박 청산', '해달라고', '캠프', '지나간', '돌아갔', '형성한', '관련해서', '위안부', '앞장서 해소하겠', '생각한', '김부겸', '치렀', '대한민국 건설', '안희정 충남지사', '소녀', '밝혔', '제대로 몰랐', '현역', '개혁', '적폐 세력', '오히려', '개입', '강조했', '민주당', '일대일', '준비한 조직', '모색하겠', '선거운동', '민주당 문재인', '대표하는', '청산 후보', '총영사'}
5027	"문재인-안철수측 ""인정사정 볼것 없다""…프레임 전쟁 나서나"	{'왜곡', '취업 특혜', '인식하고 집중', '약점', '담긴', '상황', '나아갈', '출연해', '대응하는', '당분간', '시나리오 가능성', '비판했', '치열', '박지원', '최경환', '직접 나서는', '김현정', '박근혜', '염두', '다른 목소리', '강조하려', '대응할', '박경준', '말씀드린', '지적했', '총괄 본부장', '연합뉴스', '시도하는', '세력', '부적절', '더욱', '역공', '더불어 민주당', '시도하고', '더욱 강조할', '국민의당 안철수', '주장하는', '열망', '언급', '펼쳐지', '모두', '시작된', '원하는', '잡힌', '대통령', '씌우려', '떠오르', '송영길', '청산', '트랙', '대응하면', '그동안 얘기했', '그대로 받아들인', '무엇', '잡으', '뉴스쇼', '핵심 관계자', '직후', '미래', '강화하는', '밝혔', '바른', '발언', '오히려', '라디오', '프레임', '민주당 문재인', '초점', '반박', '필요성'}
5032	"문재인 ""문자폭탄 상처 깊은 유감…앙금 해소하겠다"""	{'엎드려 큰절', '폭탄', '만들어', '후보', '근간', '마음', '앙금', '이상헌', '정권', '상처', '안희정', '혜림', '박원순', '해주시', '뛰어다니느', '하나로', '절박', '인터뷰', '시너지', '평가했', '이재명', '넓혀', '구조', '생각하며', '지지자 가운데', '보내 의원님', '최성 후보', '되어야', '지역구', '득표율', '그동안', '지지율', '더불어 민주당', '끝났', '최대한 높이는', '몰랐', '적폐', '언급', '대해서', '방송', '캠프', '지나간', '선거인단', '양념', '사과한', '책임져 달라', '생각한', '앞장서 해소하겠', '원동력', '김부겸', '치렀', '대한민국 건설', '밝혔', '개혁', '제대로 몰랐', '강조했', '준비한 조직', '보면', '극복', '선거운동', '민주당 문재인'}
5136	"문재인 ""역대 대통령 공과, 역사이자 뛰어넘어야 할 과제"""	{'굴곡', '나라', '만나', '이상헌', '참배 하면', '반칙', '부정부패', '혜림', '김대중', '사들이', '뛰어넘', '대한민국', '묘역 참배', '국립현충원', '관련', '차례', '정의롭', '사유화', '참배 방명록', '더불어 민주당', '민주당 대통령', '학도의용군', '언급', '대해서', '모두', '성장', '희생하고 헌신', '보훈', '대통령 묘역', '제대로', '김영삼', '특권', '권력', '설명했', '박정희', '이승만', '밝혔', '강조했', '대통령 모두', '민주당 문재인', '현충원'}
5216	'대권 재수' 문재인, 5년 前과 달라진 점은 뭘까	{'창조', '표방', '그림', '열린 더불어', '사법고시', '인터뷰', '비롯한', '관련한', '달라진', '출마', '경제성장', '해소하려', '구멍', '캠프', '기자회견', '위원장', '종편', '높였', '로드맵', '이야기', '실내 체육관', '혼신', '대하는', '강해진', '대연정', '국민성', '비판하며 박근혜', '지지자', '만들어', '약점', '선출', '교체', '해결할', '협력', '따른', '포용', '잡았', '강조하는', '대통령 후보자', '꽃다발', '대통령', '미래 연구원', '발전될', '관련해서', '탄핵', '혜택', '여성', '오후', '달라졌', '목소리', '핵심 관계자', '극복', '해소한', '면모', '펴낸', '넓어졌', '세우겠', '분배', '더불어 민주당', '유지될', '다하겠', '후보자 영남권', '제시한', '대한민국 위원회', '갑자기', '김광', '변화', '불평등', '수식어', '강조했', '민주당 문재인', '늘려', '화룡', '동맹', '기필코', '제시하는', '묻혀', '모셔', '추락', '바꾸겠', '절박', '세우는', '무너진', '겪으', '박근혜', '대한민국', '알려지', '운명', '박경준', '각오', '준비된', '농단', '인사하고', '밝힌', '부족함', '설명했', '지난번', '합격해 스스로'}
5243	문재인 후보, 현충원 참배로 첫 본선행보…봉하마을 방문	{'전해졌', '박정희', '노무현', '알려졌', '이승만', '국립현충원', '봉하마을', '대통령', '시작한', '권양숙', '함께할', '예방한', '민주당 문재인', '더불어 민주당', '참석해', '김대중', '열리는 민주당', '현충원'}
5288	"홍준표측 ""문재인 후보, 의혹 해명하고 정책으로 겨뤄야"""	{'역시 대한민국', '이슬기 기자', '대변인', '문재인', '겨뤄', '촉구했', '홍준표 캠프', '논평', '비서실', '측은', '일하면', '자유', '승리', '본격', '홍준표 이슬기', '펼쳐졌', '평가했', '잘살', '대한민국', '지켜보는', '받아', '세력', '더불어 민주당', '적폐 청산', '직접', '제대로', '스스로 적폐', '밝혔', '덧붙였', '민주당 문재인'}
5290	문재인-안철수 '어게인 2012'…5년만에 대권 놓고 재대결	{'한솥', '전당대회 개최', '강원', '민주당 문재인', '돌입', '혁신 전당대회', '선언하고', '장충 체육관', '상황', '교체 가능성', '가능성', '승리해', '급상승', '국민', '경쟁자 관계', '취재', '지난해', '다른', '흔드는 문재인', '충청', '올라섰', '거둔', '패배', '티켓', '이지은', '면하기 어려', '싸울', '차례', '만들어진 새정치', '단독', '지지율 흐름', '형국', '새누리당 박근혜', '나와 이듬해', '요구하다 받아들여', '마지막 순간', '더불어 민주당', '직면', '리턴', '국민의당 안철수', '형성하고', '출마', '대통령 후보자', '조기', '발표', '통과해 마침내', '스카이', '앞두고', '무소속 안철수', '드러난 지지율', '열린', '무소속', '이듬해 국민의당', '돌아갔', '유력', '달개비', '인사하고', '진검', '구도', '최종', '외나무다리', '여론조사', '나서게', '건곤', '확정', '관계', '후보자 수도권', '웃음', '격돌', '양강', '장외', '권역', '지지자'}
5303	문재인의 집권구상 키워드는 '적폐청산 통한 국민통합'	{'문재인', '포인트', '불공정', '예상된', '초월', '시스템', '정치철학', '한반도', '적폐 청산', '언급', '북핵', '스카이', '건설하겠', '표명', '느끼', '위안부', '서울 구로구', '귀결', '안희정 충남지사', '활짝', '프레임', '얽힌', '마침', '지지자', '끝나야', '내내 치열', '이상헌', '핵심', '부정부패', '미래 개혁', '끌어안', '지역감정', '별개', '기울일', '뛰어넘', '고양시장', '무차별', '포용', '대통령 파면', '절차', '따라 청산', '대통령 후보자', '여느', '스펙트럼', '압승', '열린', '관련해서', '몰상식', '좌우', '다음', '준희', '이분법', '밝혔', '난마', '갇혀', '이재명 성남시장', '세우겠', '희생', '점철', '통과해야', '가늠', '더불어 민주당', '그리는', '약속했', '민주공화국', '꼽히는', '완성하기 위해서', '미사일방어 계획', '도움', '생각', '판단', '불평등', '서울', '강조했', '민주당 문재인', '꼽았', '진단했', '일자리', '박근혜 대통령', '강원', '기필코', '나누는', '갈렸', '무너진', '바꾸자', '대한민국', '질서', '보내야', '수도권 강원', '항쟁', '농단', '원인', '지금껏', '인사하고', '강조한', '오후 서울', '후보자 수도권', '쓰레기통'}
5315	[표] 문답으로 알아본 문재인	{'민주당 문재인', '더불어 민주당', '소개한'}
5329	"유승민측 ""문재인 후보 선출 축하…이제 국민통합 나서야"""	{'촉구했', '캠프 지상욱', '나가야', '여의도', '측은', '진정 분열', '살리는 진정', '갈등', '나서기', '바로잡', '나서야', '자극', '지적했', '끝내려', '수석 대변인', '김도훈', '더불어 민주당', '새누리당', '민주당 대통령', '김동현', '유승민 캠프', '생각', '나오는 진정', '유승민', '노무현', '세계관', '지상욱 수석', '시작한', '민주당 문재인', '축하한'}
5330	본선 검증대 오른 문재인…'아들 문제' '안보관' 등 표적	{'문재인', '주장하면', '측은', '예상된', '폐쇄성', '차단', '아들 취업', '아들 특혜', '진영', '총괄 본부장', '칼날', '스카이', '지적도', '캠프', '누구', '임명', '주요한 검증', '국민의당', '안희정 충남지사', '관리하지', '민주당', '프레임', '과거', '심지어', '비서실', '강조하면', '주장했', '화학', '해당하는', '잡았', '지지율', '방침', '절차', '정보원', '복무', '걸친', '대통령 후보자', '휴직', '민주주의', '달라', '강조하는', '열린', '계속', '논란', '검증', '경색', '준희', '울러', '발언', '극복', '구성하는', '당내', '오히려 남북관계', '돌파', '그룹', '법적대응', '반미', '종북', '서울시', '검토', '나서고', '탕평', '대응하겠', '비판한', '더불어 민주당', '노력하고', '허위', '학번', '부시장', '오르', '직접', '송영길', '여론조사', '매우', '참여정부', '국정감사', '만큼', '민주당 문재인', '취업 특혜', '해온', '혜림', '자유', '특전사', '먼저', '새정치', '발휘하지', '연합뉴스', '동안 한반도', '집중', '임종석', '적극 쟁점화', '제대로', '드러났', '측은 국민의정부', '구성할', '라며', '후보자 수도권', '리더십'}
5356	[연합시론] '대세론 수성' 도전 앞에 선 문재인	{'불안감', '지켜봐', '문재인', '정의당 심상정', '도약', '관측', '이재명 성남시장', '상황', '걸린 중차', '맡길', '부정부패', '증오', '형성된', '협력', '세우겠', '내부', '앞장서', '정치권', '모색할 리더십', '중심', '절반', '멀찌감치', '훌쩍 넘겨', '나서는', '밀린', '적임', '진영', '줄곧', '지지율', '처음', '박빙', '더불어 민주당', '약속했', '생긴', '형성된 분열', '신뢰', '출마', '국민의당 안철수', '최근', '직행', '세우고 불공정', '울러 탄핵', '형성되', '돌렸', '접근', '누적', '흐름', '수도권', '성공했', '대통령 탄핵', '권역별 순회', '기류', '흐트러진', '불평등', '적폐 청산도', '급변', '유승민', '연설', '안희정 충남지사', '그동안 각종', '각종 여론조사', '해소하는', '해야', '나타나고', '홍준표', '포함한', '태극기', '무엇'}
5361	문재인 승리 '숨은공신' 아내 김정숙씨…'풍찬노숙' 내조	{'광산구', '정신대 피해자', '대변인', '들었', '문재인', '바자회', '현장', '방문해', '끝나', '운영하는', '관계자', '진솔', '혼잡', '혜림', '열린 인터넷', '참석하는', '넓어졌', '완도군 소안도', '예방하기', '열린 더불어', '공식', '지난해', '만났', '훑으', '노숙', '출연', '미술관', '다가서면', '후보자 호남권', '전달하는', '일주일', '연합뉴스', '활약', '독립운동가', '책임감', '정치인', '압승하', '더불어 민주당', '목욕탕', '밀착', '고려해', '찾았', '남평문씨 종친회', '피해자 할머니', '방문했', '동네 이야기', '대통령 후보자', '전해졌', '홀아비', '마을', '캠프', '가까워져', '변호사', '수도권', '할머니', '구석구석 훑으', '혼밥', '판단', '설헌', '열리는', '김정숙', '모습', '신세', '린다', '이해하고', '생각한', '카페', '통화', '지난달', '유니버시아드 체육관', '반경 넓혀', '극복', '고마움', '퍼진', '언론', '며느리'}
5371	"정의당 ""문재인 대선후보 선출 축하…선명한 개혁경쟁"""	{'뚜렷', '정의당', '법인세', '문재인', '위원회 대변인', '권위', '당내', '약속하자', '안희정', '입장', '꼬집었', '로부터', '이재명', '구조', '대한민국', '성과', '박근혜', '남북관계', '지적했', '더불어 민주당', '나서겠', '민주당 대통령', '거부했', '국민의당 안철수', '대해서', '박수윤', '오늘날 대한민국', '세율', '검증', '최저임금', '참여정부', '배진교', '비정규직', '얼마나', '축하한'}
5373	"국민의당 ""문재인 후보 확정 진심으로 축하…선의의 경쟁하자"""	{'민주당 문재인', '페이스북', '대비할', '부정부패', '논평', '문재인 후보', '박지원', '축하하면', '이재명', '장진영 대변인', '세력', '산업혁명', '미래세', '더불어 민주당', '별도', '캠프', '실시되는 안철수', '양극화', '대통령 후보', '청산', '격려', '국민의당', '박수윤 기자', '패권', '관련 논평', '밝혔', '안희정 후보', '제안했', '축하한'}
5376	문재인, 민주당 대선후보로 대권 재도전…경선 득표율 57%(종합)	{'올랐', '포인트', '불공정', '구로구', '부족', '선언한', '포함한 수도권', '난무', '스카이', '합류', '추미애', '캠프', '김종인', '국민의당', '재외국민', '어깨', '유승민', '심혈', '안희정 충남지사', '개혁', '홍준표', '끝나야', '이상헌', '부정부패', '호남권', '기울일', '고양시장', '거두면', '포함하면', '득표율', '모으', '지지율', '영남권', '대통령 후보자', '시작된', '열린', '열린 수도권', '몰상식', '오후', '사실', '이분법', '않다', '밝혔', '선거운동', '다른', '이재명 성남시장', '세우겠', '가능성', '급상승', '본격', '통합', '멀찌감치', '교섭단체 가운데', '더불어 민주당', '안철수', '손가락', '직행', '불평등', '대진표', '여론조사', '경쟁력', '강조했', '발판', '민주당 문재인', '정의당 심상정', '기필코', '세우고', '나누는', '석패', '정치권', '평가된', '무너진', '박근혜', '대한민국', '시나리오', '보내야', '두려워하는', '수도권 강원', '기뻐하는 문재인', '현직', '충청권', '펼쳐질', '앞서는', '인사하고', '마련한', '광폭', '삼켰', '실시한 권역별', '후보자 수도권', '초반 레이스', '양강', '앞세워', '쓰레기통'}
5388	"한국당 ""문재인 후보 축하…선의의 경쟁 펼치자"""	{'미래', '만드는', '최종', '강원', '밝혔', '제안했', '스카이', '과반', '일러스트 이슬기', '인사', '순회', '득표율', '면서', '수도권', '대통령 후보', '민주당 문재인', '더불어 민주당', '정준길 대변인', '축하하면'}
5390	민주 대선후보 문재인, 인권변호사서 '적폐청산 선봉' 자임	{'참여정부 대통령', '삼켜', '문재인', '저서', '거절하며', '폐족', '관계자', '받은', '미군', '석방', '배웠', '인혁당', '담배', '않았', '탄핵 심판', '우여곡절', '재결합', '노무현 대통령', '손학규', '통합민주당', '마련했', '장례', '국민장', '박연차', '정치인', '가져다줬', '실었던', '난생처음', '스카이', '지적도', '고승덕 변호사', '맡았', '김종인', '국민의당', '위원장', '양동이', '특전사 군복무', '안희정 충남지사', '들어섰', '즐비', '프레임', '거절하고', '지지자', '움직임', '하반기', '태광', '이상헌', '교체', '사법연수원', '결혼', '본부장', '청와대', '성쇠', '뛰어든 문재인', '요구', '불공평', '이재명', '봉착', '이어졌', '포용', '입학한 경희대', '옮겼', '득표율', '지지율', '그냥', '면서 사법고시', '앞둔', '위원회', '대통령 후보자', '평탄', '청소년기', '대흥사', '징집', '입버릇', '열린', '송두환 헌법재판관', '하나로 모아', '함경도', '함께한 문재인', '대통령 탄핵', '탄핵', '현실정치', '준희', '로펌 스카우트', '주홍글씨', '갇혀', '보내던', '검찰', '합격했', '세월', '눈물', '이재명 성남시장', '유치장', '복귀', '돌파', '태어났', '안희정', '승리', '참여정부 핵심', '압박', '결성', '부마항쟁', '와신상담', '봉하마을', '입학했', '더불어 민주당', '안철수', '운동권', '변호인', '변호사', '소용돌이', '투입', '참여정부 마지막', '히말라야 트래킹', '대규모', '일으킨', '국회의원 재보선', '노무현', '박원순 서울시장', '박시환 대법관', '꾸렸', '묻는', '이듬해 부산시', '나눠', '조영래 변호사', '물러났', '느꼈', '시민사회', '대변인', '민주화', '손잡', '커진', '석패', '특전사', '재수생', '윗줄 가운데', '대통령 비서실', '이사했', '중학교', '스스로', '리어카', '정치권', '쿠데타', '박근혜', '대한민국', '이끌었', '침잠', '함께했', '잃은', '뇌물', '돌릴', '경쟁자', '바람', '노무현재단', '피란', '몰렸', '사상구', '어머니 연탄배달', '다짐', '초등학교', '설립해 이사장', '아버지', '인사하고', '김정숙', '각종', '가까이', '무너지', '이명박', '판문점', '후보자 수도권', '매달려', '구속되'}
5408	문재인, 민주당 대선후보로 선출…경선 득표율 57%(3보)	{'문재인', '정의당 심상정', '이재명 성남시장', '포인트', '호남권', '구로구', '평가된', '멀찌감치', '미미', '박근혜', '고양시장', '교섭단체 가운데', '거두면', '직행 이상헌', '포함하면', '레이스', '득표율', '포함한 수도권', '더불어 민주당', '돌리', '안철수', '민주당 대통령', '영남권', '대통령 후보자', '충청권', '스카이', '시작된', '열린', '열린 수도권', '국민의당', '재외국민', '인사하고', '오후', '유승민', '마련한', '안희정 충남지사', '실시한 권역별', '홍준표', '민주당', '후보자 수도권', '민주당 문재인', '원내 교섭단체', '지지자'}
5422	"문재인 ""이번 대선은 정의와 불의의 대결""…대선후보 수락연설"	{'오늘', '나아가겠', '끝나야', '문재인', '남달랐던 이재명', '기필코', '나누고', '단계 바꿔', '이상헌', '미래 개혁', '부정부패', '안희정', '순회', '국익', '나누는', '교체', '세우겠', '앞서고', '평가했', '이재명', '최성', '불공정 청산', '무너진', '세우는', '우리당', '나아가야', '대한민국', '뛰어넘', '다짐했', '보내야', '선언한', '두려워하는 적폐', '자세', '염원', '정치인', '주장하고', '그동안', '더불어 민주당', '미래 지도자', '끝내고', '민주당 대통령', '다하겠', '단호', '대통령 후보자', '건네주고', '꽃다발', '함께하겠', '스카이', '지지자', '추미애', '과거 적폐', '캠프', '몰상식', '불평등', '약속', '결별', '서울 구로구', '소망', '인사하고', '직후', '서울', '준희', '이분법', '밝혔', '않다', '전달하는 문재인', '마친', '함께하면 반드시', '활짝', '강조했', '라며', '후보자 수도권', '덧붙였', '민주당 문재인', '모르', '쓰레기통'}
5438	민주 경선 최종, 문재인 1위·안희정 2위·이재명 3위(속보)	set()
5451	문재인, 민주당 대선후보로 선출(2보)	{'강원', '충청권', '안희정 충남지사', '스카이', '이재명 성남시장', '고양시장', '이상헌', '실시한 권역별', '득표율', '수도권', '호남권', '민주당 문재인', '더불어 민주당', '영남권'}
5452	문재인, 민주당 대선후보로 선출(1보)	set()
5466	"박지원, 어제 김종인과 회동…""金도 '문재인 절대 안돼' 공감"""	{'먼저 얘기할', '않으', '문재인', '가져갈', '평가하며', '동맹', '이재명 성남시장', '지지율 추이', '중앙', '국민의당 박지원', '관계자', '잠겨', '들어준', '안희정', '지방자치단체', '거동', '아주 강경', '비판했', '영향', '현재', '독방', '모색하고', '요구', '공개', '교도관', '이재명', '박근혜', '성과', '관련한', '기자간담회', '남북정상회담', '분석했', '울었', '김정은', '트럼프 행정부', '지지율', '대책위', '처음', '관련해', '더불어 민주당', '대해서', '떨어지', '조찬', '생각 잠긴', '얘기한', '열린', '대통령', '들어선', '잠긴 박지원', '만나', '우리', '김종인', '미사일', '안희정 충남도지사', '닫히', '유세', '별로', '호의', '지나가는', '밝혔', '얘기하더', '예견', '반대한', '형님', '나오고', '먼저 간다', '장외', '다른'}
5495	"""3자·5자 대결 문재인 승리…안철수 약진"""	{'부여', '민주당 문재인', '정의당 심상정', '홈페이지', '신뢰수준', '천명', '포인트', '앞질렀', '표본 오차', '지난해', '홍준표 후보', '연령', '모름', '에서', '디오 피니언', '약진', '나타났', '더불어 민주당', '국민의당 안철수', '응답', '행정자치부 주민등록', '참조 하면', '유권자', '지역별', '심상정 후보', '여론조사', '따르', '바른', '유승민 후보', '지지후'}
5507	"문재인 ""안희정의 통합정신·이재명의 분노 맞잡겠다"""	{'문재인', '눈물', '이재명 성남시장', '바뀌', '외치는 적폐', '대기업', '이상헌', '교체', '해결할', '어우러', '두툼하', '강원도', '준비했', '박원순', '평창올림픽', '추념', '앞장서', '해내겠', '겁나서', '주장했', '준비하고', '호소', '고양시장', '부끄러움', '나누려', '박근혜', '포용', '특별자치도', '항쟁', '오로지 문재인', '더불어 민주당', '명품', '시도하고', '끝내고', '비판하기', '약속했', '국민의당 안철수', '적폐', '대통령 후보자', '마지막', '경제성장', '달라', '언급', '함께하겠', '스카이', '총동원', '경기도', '책임지', '만들어 달라', '시대정신', '좌절', '혜택', '참석해', '인사하고', '전진기', '안희정 충남도지사', '인천', '중심지', '말하고', '서울', '김부겸', '기다려 달라', '굳혀', '모든', '일자리', '밝혔', '왼쪽', '묻는', '오로지', '골목', '나누겠', '국민성', '강조했', '민주당', '후보자 수도권', '선거'}
5538	경찰, '문재인 비방 혐의' 신연희 구청장 조만간 소환 방침	{'피의자 심문', '문재인', '체포영장 검토', '조만간 마무리', '장경', '채팅', '요구했', '유발해', '공산주의', '공직선거법 위반', '법률 위반', '신청한', '요청했', '동영상', '출석하겠', '요구한', '박근혜', '대한민국', '기자간담회', '파손', '문죄인', '조사할', '참가자', '출석요구서', '출석하지', '디지털', '더불어 민주당', '손괴', '휴대전화', '놈현', '소환', '신연희 서울', '카카오', '서울 강남구', '대통령 탄핵', '김정훈 서울', '저항', '보낼', '일으킨', '망하고 문재인', '정광용 대변인', '밝혔', '단톡방', '관리하지', '경찰청장', '서울 경찰청', '오늘내일', '지난달', '넘겨', '찾아가', '압수수색', '나머지', '벌어진', '올라온 번호'}
5558	"문재인측 ""文 검증된 지지도"" vs 안희정측 ""文, 확장성에 문제"""	{'비호감', '취업 특혜', '국민의당 박지원', '출연해', '머무르는', '안희정', '본부장', '갈렸', '주장했', '준비', '흔들릴', '박근혜', '촛불', '기초한', '지적했', '마지막 순회', '지지율', '임형섭', '노력', '내용', '더불어 민주당', '받으', '최근 급상승', '예상', '폭격', '국민의당 안철수', '라디오 인터뷰', '최근', '튀어나왔', '달라', '처마', '멘토', '높아진', '대해서', '역선택', '흔들리', '부추', '대통령', '마음속', '송영길', '수도권', '유지하고', '결정되', '지지자 상당수', '빠져나갔', '국민의당', '생각한', '걸쳐 쌓아', '검증', '설명했', '논란', '분리된', '여론조사', '앞두고 문재인', '안희정 충남지사', '선택해야', '경쟁력', '이명박', '박영선', '지지도', '선거운동', '벌였', '장외', '생각하느', '만들어진 지지도', '계속 논의할'}
5561	"""문재인 34.9%, 안철수 18.7%, 안희정 12.1%, 이재명 10%"""	{'정의당 심상정', '중앙', '이재명 성남시장', '신뢰수준', '대부분', '에서 상승세', '크게', '올랐', '받은', '강건', '포인트', '포인트 떨어진', '급상승', '로부터', '통계', '매일경제', '권역별', '개요', '떨어진 이재명', '리얼미터 홈페이지', '시나리오', '손학규', '에서', '이뤄졌', '진영', '떨어졌', '지지율', '위원회 홈페이지', '나타났', '더불어 민주당', '자릿수', '국민의당 안철수', '응답', '안희정 충청남도지사', '비롯한 대부분', '실시한', '각각 올랐', '행정자치부 주민등록', '참조', '김진태', '모르', '포인트 떨어져', '밀려', '표본', '유승민', '결과 리얼미터', '여론조사', '서울', '모든', '돌리는', '밝혔', '지난주', '바른', '앞섰', '지난달', '홍준표', '공동', '민주당 문재인', '언론', '집계 여론조사', '마감', '방식'}
5578	"""문재인 34.6%·안철수 22.3%·안희정 12.0%""< KSOI>"	{'후보', '문재인', '정의당 심상정', '이재명 성남시장', '신뢰수준', '비교하면', '연구소', '부정부패', '포인트', '혜림', '활성화', '실시한 여론조사', '이재명', '통합', '포인트 떨어졌', '지지율', '가운데 국민의당', '진행한 여론조사', '위원회 홈페이지', '대책위', '더불어 민주당', '유지했', '적폐 청산', '안철수', '소통', '나타났', '국민의당 안철수', '대해서', '좁혔', '유지하면', '심상정', '회복했', '여론조사 결과', '유권자', '김종인', '표본', '포인트 모자란', '유승민', '앞섰', '신규', '지난주', '바른', '홍준표', '각각', '민주당 문재인', '일자리'}
5615	"한국당, 문재인·안철수 '동시 때리기'…""반드시 검증"""	{'만들어', '후보', '삼은', '촉구했', '부탁한', '여의도', '야권', '주장해서 탄핵', '잔재 세력', '꼬집었', '퍼부었', '잡아 비판했', '먼저', '요즘', '특혜 취업', '재미', '풀이', '상임 위원회', '의식한', '취업', '검토', '박근혜', '감옥', '맥락', '올라온', '용씨', '모으', '지지율', '올렸', '대표할', '어처구니', '얼마나', '더불어 민주당', '나오겠', '정우택 원내대표', '시키', '최근 각종', '국민의당 안철수', '공세', '위원회', '대해서', '취업 논란', '술책', '맹공', '열린', '대통령', '위원회 연석', '반드시 이뤄져', '떨어져', '유력', '예고했', '진짜', '계속', '얘기하면', '얼치기 좌파', '다룰', '특혜 논란', '코스프레', '위원장', '검증', '이야기', '닥친', '각종 여론조사', '가져가려', '그동안 각종', '안철수 바람', '완승하', '발언', '진행할', '제대로 조사하면', '밝혔', '과연', '배영', '홍준표', '지난달', '강조했', '정보원 특혜', '민주당 문재인', '취업 특혜', '송곳 검증'}
5627	"문재인, 에너지 전문가 5명 영입…""대체에너지 정책수립"""	{'문재인', '화이트 컨설턴트', '세라믹', '참여할', '연구소', '혜림', '인디아나', '대체에너지', '백운규 한양대', '영입', '박사학위 취득', '연구원 태양광', '재료공학', '선임 연구원', '입자물리학', '부산대학교', '더불어 민주당', '활동하고', '위해서 전문가', '컬럼비아대', '클렘슨 대학교', '전기공학', '대한민국 위원회', '에너지', '한밭대', '위원장', '전문가', '신소재공학', '양성훈', '한양대 에너지공학', '화력발전소 감축', '김용식', '태양광 연구실', '보도자료', '연구원'}
5640	"정우택 ""문재인 아들 취업의혹, 당과 국회서 엄정한 검증"""	{'문재인', '장충 체육관', '국회의원', '반칙', '비서실', '지내면', '자유', '잘못하면 포퓰리즘', '영향', '끝나는', '정우택 발언', '책임', '대한민국', '헌정기념관', '거치', '한마음', '지적했', '스스로 이야기한', '더불어 민주당', '정우택 원내대표', '걱정하고', '농단', '김동현', '열린', '대통령', '지방선거', '인사말', '유력', '전당대회', '위원장', '검증', '뭉쳐갈', '골병', '세상', '밝혔', '참여정부', '홍준표', '강조했', '열린 자유', '정보원 특혜', '들어설'}
5645	문재인·안철수 조우 불발…맞대결 가능성엔 '웃음만'	{'앉은', '지속 비정규직', '보장해야', '않으', '참석자', '나서는 문재인', '급식', '마찬가지', '만남', '역시 주황색', '가능성', '마주친', '불발', '박근혜', '대한민국', '개선하는', '추진하고 회계', '만나지', '나서고', '즉답', '직능단체', '박경준', '노동', '초청', '상시 지속', '지지율', '나서는 안철수', '책임감', '보건소 영양사', '더불어 민주당', '예상', '정규직', '내빈', '국민의당 안철수', '막바지', '개선하겠', '언급', '영양사 선생님', '계신', '중단된', '말하며', '자긍심', '주황색 스카프', '떠났', '마주칠', '관련한 의견', '송파구 올림픽', '다음', '구도', '달리는', '미래', '떠난', '일자리', '밝혔', '나오면', '영양사', '엇갈려', '인사한', '이명박', '호응', '노력해야', '전환하자', '구축', '말씀드릴', '민주당 문재인', '도착한'}
5670	문재인, 민주 영남경선 64.7%로 압승…누계 59.0% 본선행 '눈앞'(종합)	{'떨어질', '강원', '체육관', '돌입', '문재인', '안심할', '만나', '유지하면 민주당', '이재명 성남시장', '좁혀', '참여할', '모두 압승함', '이상헌', '민주당 영남권', '관측', '안희정', '순회', '포인트', '위해서', '가능성', '참패', '국민', '예상된', '추격', '이재명', '충청', '누적 득표율', '물론', '켜짐', '호소', '고양시장', '뛰어넘', '치러', '현저', '수도권 지자체', '흐르', '인터뷰 조정호', '올렸', '마지막 순회', '나타났', '유지했', '카운트다운', '더불어 민주당', '받는', '격차 벌려', '민주당 대통령', '영남권 순회', '몰릴', '다하겠', '대통령 후보자', '후보자 영남권', '따라', '가운데 처음', '압승했', '지지자', '수도권 비중', '선거인단', '수도권', '해주신', '워낙', '눌렀', '인사하고', '막판 총력전', '오후', '높였', '벌어졌', '직후', '거뒀', '끝내도', '대한민국 건설', '안희정 충남지사', '실시된', '누적 과반', '과반', '활용해', '각각', '포함한', '덧붙였', '공동', '진과 인터뷰', '문재인 영남권'}
5674	문재인, 민주 영남경선 64.7%로 압승…누계 59.0% 본선행 '눈앞'(3보)	{'에서 문재인', '에서 각각', '강원', '떨어질', '유지하면 민주당', '관측', '이재명 성남시장', '선출', '참여할', '이상헌', '민주당 영남권', '안희정', '수도권 에서', '사직 체육관', '가능성', '참패', '에서 실시된', '문재인 조정호', '예상된', '추격', '이재명', '충청', '켜짐', '현저', '뛰어넘', '고양시장', '노리', '치러', '수도권 지자체', '흐르', '득표율', '올렸', '더불어 민주당', '격차 벌려', '민주당 대통령', '영남권', '체육관 에서', '대통령 후보자', '후보자 영남권', '마지막', '따라', '압승했', '걸고', '선거인단', '수도권', '에서 유효', '인사하고', '막판 총력전', '오후', '환호', '영남권 에서', '그친 이재명', '실내 체육관', '안희정 충남지사', '사직 실내', '더욱 높였', '엇갈린', '과반', '활용해', '압승함', '에서 선거인단', '공동', '가운데', '지지자'}
5684	민주 영남 경선, 문재인 64.7%·이재명 18.5%·안희정 16.6%(속보)	set()
5685	문재인, 호남·충청·영남 누계 59%…'본선직행' 눈앞(속보)	set()
5688	문재인, 민주 영남 경선서 64.7%로 압승…본선 '성큼'(속보)	set()
5689	민주 영남 경선, 문재인 1위·이재명 2위·안희정 3위(속보)	set()
5691	문재인, 민주당 영남 경선서도 압승…3연승 질주(2보)	{'체육관', '문재인', '이재명 성남시장', '선출', '승리하면', '오후 부산', '이상헌', '민주당 영남권', '가능성', '열린 더불어', '부산 사직', '정견', '득표율', '더불어 민주당', '민주당 대통령', '대통령 후보자', '후보자 영남권', '직행', '열린 민주당', '압승', '거뒀', '안희정 충남지사', '실시된', '커졌'}
5694	문재인, 민주당 영남 경선서도 승리…3연승 질주(1보)	set()
5699	"""문재인 31%, 안철수 19%, 안희정 14%""<갤럽>(종합2보)"	{'정의당', '문재인', '페이스북', '정의당 심상정', '각축', '이재명 성남시장', '신뢰수준', '가운데 민주당', '사례', '올랐', '안희정', '포인트', '울산', '포인트 떨어진', '김토일', '소폭 올랐', '개요', '지난해', '부산', '에서 민주당', '충청', '올라섰', '연령', '유지한 가운데', '처리', '강세', '비해', '밀렸', '에서', '포인트 떨어졌', '돌았', '분석했', '지지율', '가운데 국민의당', '위원회 홈페이지', '나타났', '더불어 민주당', '안철수', '국민의당 안철수', '최근', '행정자치부 주민등록', '여론조사 지지율', '관심', '갤럽', '김진태', '참조', '심상정', '유권자', '국민의당', '트위터', '표본', '지지도 에서', '다음', '유승민', '여론조사', '서울', '앞섰', '안희정 충남지사', '갤럽 홈페이지', '밝혔', '바른', '지지도', '홍준표', '민주당', '달렸', '민주당 문재인', '벌였', '결과'}
5706	"문재인 ""영남서 더 압도적 지지로 정권교체""…영남경선"	{'변수', '소식', '체육관', '줄곧 새누리', '문재인', '민주화', '내주셨', '선출', '이상헌', '교체', '북핵문제', '연결하고', '출발할', '반드시 해결해', '국민', '김대중', '여기', '충청', '화합', '다짐했', '바뀐', '박근혜', '노무현 대통령', '사직', '한마음', '올라가', '구속', '말씀드리', '더불어 민주당', '견인차', '바퀴', '시베리아', '대통령 후보자', '후보자 영남권', '언급', '교체 최전선', '민주주의', '허탈', '기간산업 고도화', '시작된', '북극항로 개척', '글로벌', '김천 혁신도시', '내려오고', '대통령 탄핵', '파탄', '오후', '미래', '되돌아갈', '설명했', '실크로드', '모든', '밝혔', '선택했', '돌아온', '유럽', '무너지', '출발한', '이명박', '뺏기', '텃밭', '의원', '강조했', '극복', '항공우주', '동북아', '동해안', '덧붙였', '공격', '플랜트'}
5729	"""문재인 31%, 안철수 19%, 안희정 14%""<갤럽>(종합)"	{'정의당', '문재인', '페이스북', '정의당 심상정', '각축', '이재명 성남시장', '신뢰수준', '가운데 민주당', '사례', '올랐', '안희정', '포인트', '울산', '포인트 떨어진', '김토일', '소폭 올랐', '개요', '부산', '에서 민주당', '이재명', '충청', '올라섰', '연령', '유지한 가운데', '처리', '강세', '비해', '밀렸', '에서', '포인트 떨어졌', '돌았', '분석했', '지지율', '가운데 국민의당', '위원회 홈페이지', '나타났', '더불어 민주당', '안철수', '국민의당 안철수', '행정자치부 주민등록', '포인트 하락', '여론조사 지지율', '관심', '참조 하면', '갤럽', '김진태', '심상정', '유권자', '국민의당', '트위터', '표본', '지지도 에서', '다음', '유승민', '여론조사', '서울', '앞섰', '안희정 충남지사', '갤럽 홈페이지', '밝혔', '지지도', '홍준표', '민주당', '달렸', '민주당 문재인', '결과'}
5743	"""문재인 31%, 안철수 19%, 안희정 14%""<갤럽>"	{'문재인', '페이스북', '정의당 심상정', '홈페이지', '이재명 성남시장', '신뢰수준', '안희정', '포인트', '포인트 떨어진', '김토일', '올라섰', '유지한 가운데', '지지율', '가운데 국민의당', '위원회 홈페이지', '더불어 민주당', '안철수', '도지사', '국민의당 안철수', '행정자치부 주민등록', '여론조사 지지율', '김진태', '하면', '유권자', '트위터', '유승민', '여론조사', '안희정 충남지사', '밝혔', '오차', '지지도', '홍준표', '민주당 문재인'}
5782	경찰, '문재인 비방글' 신연희 강남구청장 휴대전화 압수	{'공직선거법', '신연희', '채팅', '공산주의', '고발장', '동영상', '집무실', '대한민국', '제출했', '캠프 측은', '분석하고', '문죄인', '경찰청 사이버수사대', '더불어 민주당', '임기', '휴대전화', '최종 확인하고', '위원회', '후보 문재인', '카카오', '신연희 강남구', '앞서', '망하고 문재인', '단톡방', '분석해 실제', '압수수색', '넘겨', '조사할 계획', '끝나면 조만간', '제시하고', '강남구'}
5798	"문재인 ""안희정·이재명 함께하는 민주당 정부 만들 것""…TV토론"	{'감사', '만들어', '함께하는 민주당', '만들려', '스튜디오', '반드시 성공한', '성공한 대통령', '교체', '안희정', '박원순', '승리', '보내준 국민', '국민', '이재명', '충청', '뛰어넘', '임형섭', '더불어 민주당', '수도권', '함께하고', '김부겸', '토론회', '세상', '강조했', '경제위기', '극복', '민주당 문재인'}
5800	"심재철 ""문재인 아들 입사원서에 날짜 변조 의혹"""	{'왜곡', '판단한', '응모', '합격했', '작성한', '정보원 내부', '제출한', '범죄', '비판했', '오전', '주장했', '멋대로', '부정한 흔적', '누군가', '여겨진', '추구', '시킨', '않았', '취업', '제출한 졸업', '하태경', '우편', '불러일으킨', '단독', '변조', '아들', '라면', '날아온 미비', '주장하고', '정보원', '더불어 민주당', '특혜', '블로그', '작성했', '여기는', '위원회', '분야', '김동현', '마치 선거', '선관위', '결탁', '접수', '잘못', '더해', '거짓', '권력', '심재철', '자유 한국', '공무원 특채', '연구', '훼손', '은폐', '나타나고', '증명서', '라며', '강조했', '나눠', '가운데 바른', '한국', '민주당 문재인', '다른'}
5805	"유승민 ""도로친박당이나 문재인에 나라 맡길 수 없다"""	{'물러나면', '광물', '민주당 문재인', '분열', '일자리 공약', '핵심', '교체', '맡길', '배치', '지원하도', '청와대', '비판했', '바꾸겠', '공무원', '시작하는', '사무소', '먼저', '김정일', '여론', '포천시', '나서고', '도로 친박', '지적했', '허용한 장본인', '갖춰', '더불어 민주당', '후보자', '적폐 청산', '우리나라', '노력하겠', '경기도', '위원회', '대해서', '재보선 중앙', '구성', '인명진 위원장', '열린', '대통령', '증거', '물어보고 투표', '계속 반대해', '먼저 물어보고', '유승민', '이야기', '금방', '혁신', '겨냥', '강조했', '김무성', '경제위기', '감동', '드라마', '덧붙였', '얼마나', '미사일방어 체계'}
5824	"""문재인 35.2%, 안철수 17.4%, 안희정 12.5%, 이재명 9.5%"""	{'반기문', '결과', '후보', '문재인', '제외한 모든', '정의당 심상정', '이재명 성남시장', '신뢰수준', '대부분', '직전', '올랐', '강건', '포인트', '울산', '포인트 떨어진', '홍준표 경상남도지사', '로부터', '매일경제', '지난해', '리얼미터 홈페이지', '충청', '에서 지지율', '시나리오', '랭크됐', '손학규', '동향 여론조사', '에서', '내려왔', '이뤄졌', '주저앉', '답변', '그친', '지지율', '처음', '넘어서는', '위원회 홈페이지', '더불어 민주당', '사무', '자릿수', '안철수', '포함되', '국민의당 안철수', '안희정 충청남도지사', '국민의당 소속', '실시한', '상당수 이동하지', '행정자치부 주민등록', '컨벤션 효과', '참조', '김진태', '다는', '심상정', '회복하며', '상승세', '탈환 리얼미터', '지역별', '유승민', '여론조사', '서울', '밝혔', '지난주', '좁히', '나머지 후보', '지지도', '각각', '앉았', '민주당 문재인', '크게 앞섰', '초반', '권역별', '방식', '탈환 홍준표'}
5869	문재인, 민주 충청 경선서도 47.8%로 승리…2연승에 누계 55.9%(종합)	{'비상 선거인단', '강원', '만들어', '체육관', '만나', '마음', '이재명 성남시장', '포인트 좁혀', '내달', '벌여', '교체', '포인트', '송수', '가능성', '해내겠', '열린 더불어', '가하게', '오르는', '유효', '더욱 탄력', '연승', '통합', '꼽힌', '불끈', '대한민국', '치러', '판가름', '신호', '선택해', '득표율', '모아 반드시', '여부', '실패했', '후보자 충청권', '더불어 민주당', '민주당 대통령', '한번', '나온', '대통령 후보자', '일단', '빠질', '따라', '결과 앞서', '열린 민주당', '합친', '말씀', '탄력', '떨어지', '격차', '순항', '수도권', '앞서', '추격 비상', '생각한', '안희정 텃밭', '승리했', '벌어졌', '급선무', '여론조사', '안희정 충남지사', '실시된', '밝혔', '과반', '중원', '그쳤', '달렸', '출신', '극복', '덧붙였', '가운데', '민주당 문재인', '달려온', '제대로 개혁', '지지자'}
5875	"이재명 ""문재인 과반 저지하고 결선서 결판 내겠다"""	{'체육관', '민주당 문재인', '문재인', '민주당 충청권', '이재명 성남시장', '위하고 수도권', '바뀌는', '해주시', '예상했', '열린 더불어', '올라왔', '대체로 예상했', '고양시장', '박경준', '싸움', '방송 토론회', '관련해', '후보자 충청권', '더불어 민주당', '당부', '예정된 방송', '대통령 후보자', '열린 민주당', '아직', '끝난', '선거인단', '발표하는 이재명', '때문', '인사하고', '신념', '안희정 충남도지사', '설명했', '철학', '준비되', '밝혔', '과반', '이뤄질', '참여', '강조했', '수도권 선거인단', '막은 다음', '자신'}
5882	"문재인 ""개혁 위한 압도적 대선승리는 압도적 경선승리가 바탕"""	{'감사', '만들어', '체육관', '후보 순회', '마음', '반드시 정권', '크게', '정권', '압도', '순회', '해내겠', '대한민국', '승리한', '밝히', '생각하지 않는', '선택해', '더불어 민주당', '모아', '이재명 후보', '생각한', '지난번', '안희정 후보', '라며', '강조했', '민주당 문재인', '제대로 개혁'}
5883	한국당-문재인측, '文 파산관재인' 역할 두고 종일 공방	{'왜곡', '그룹 파산관재인', '김태년 캠프', '이뤄지', '핵심', '소송', '논평', '유병언', '신세계', '비판했', '국민', '주장했', '피해자', '보니', '탕감', '김성원', '대통령비서실장', '관련', '불구하고 채권', '화학', '가집행', '강제집행', '명예훼손', '싸움', '처음', '더불어 민주당', '허위', '도지사', '인정하면', '유병언 업체', '김동현', '김성원 대변인', '기자회견', '빠뜨린 세월호', '변호사', '내리는', '누구', '투입', '김경수 대변인', '노무현', '명백', '증폭', '밝혔', '상대로', '다하지', '언론', '오히려', '파산관재인 부분', '홍준표', '세월호', '강조했', '반환 소송', '혐의', '민주당 문재인', '벌였', '채권'}
5887	문재인, 민주 충청경선서도 47.8%로 승리…2연승에 누계 55.9%(3보)	{'보였', '강원', '체육관', '이재명 성남시장', '내달', '두번째 순회', '벌여', '어감', '순회', '포인트', '가능성', '열린 더불어', '유효', '치러', '동성', '실패했', '더욱', '후보자 충청권', '더불어 민주당', '돌리', '민주당 대통령', '빠질', '대통령 후보자', '나온', '떨어지', '열린 민주당', '합친', '실시된 두번째', '높아졌', '수도권', '앞서', '안희정 텃밭', '승리했', '여론조사', '안희정 충남지사', '과반', '그쳤', '각각', '정도', '극복', '주먹 불끈', '가하며', '민주당 문재인', '달려온', '지지자'}
5908	문재인, 민주 충청 경선서도 승리…호남 이어 2연승(2보)	{'승리했', '체육관', '문재인', '안희정 충남지사', '실시된', '열린 민주당', '이재명 성남시장', '따라', '후보 선출', '커졌', '순회', '텃밭', '얻은 이재명', '대통령 후보', '가능성', '더불어 민주당', '누르', '민주당 대통령'}
5913	"""문재인 33.0%·안철수 16.6%·안희정 12.6%·이재명 11.2%"""	{'부여', '취하고', '이동하는', '정의당 심상정', '소속', '이재명 성남시장', '중앙', '수준', '후보 지지율', '안희정', '포인트', '달리는 가운데', '서울 마포구', '개요', '행정자치부', '답한 가운데', '에서 민주당', '충청', '올라섰', '김관용', '거둔', '민주당 지지율', '집계', '사진기', '손학규', '한편', '에서', '분석했', '연합뉴스', '가운데 국민의당', '처음', '위원회 홈페이지', '더불어 민주당', '실시된 여론조사', '안철수 후보', '안철수', '도지사', '국민의당 안철수', '실시한', '남경필 경기도', '참조', '김진태', '국민의당', '안희정 충남도지사', '표본', '앤써', '지역별', '유승민', '여론조사', '서울', '토론 녹화', '밝혔', '안희정 후보', '왼쪽', '지지도', '홍준표', '각각', '주민등록', '한국', '민주당 문재인', '데일리안', '이인제'}
5931	"범보수 ""문재인 대통령 되면 매우 위험""…안보 고리로 십자포화"	{'체육관', '대변인', '문재인', '불안감', '광화문 프레', '생각하는', '논평', '유병언', '비판했', '신세계', '홍준표 경상남도지사', '주장했', '피해자', '김주성', '시작한 모양새', '탕감', '호소', '대통령비서실장', '명예훼손', '진영', '관련한 참석자', '들였', '김정은', '관련해', '센터', '주장하고', '더불어 민주당', '도지사', '소개한', '유병언 업체', '대해서', '서울 광화문', '김동현', '현실', '독살', '열린 민주당', '혐의', '라디오 인터뷰', '김성원 대변인', '프레', '답하고', '햇볕정책', '대통령', '빠뜨린 세월호', '사고방식', '집중하기 시작한', '변호사', '청산', '실험', '투입', '참석해', '반대편 국민', '계몽', '맡았', '철학', '나가자', '유승민', '서울', '토론회', '노무현', '김명연', '밝혔', '교육', '돌아온', '해결해야', '과거 김대중', '홍준표', '강조했', '지원할 필요', '민주당 문재인', '방송 편집', '세미나', '설명하고', '파산관재인'}
5941	"비엠티 ""문재인 전 대표와 특별한 이해관계 없다"""	{'현저', '정보', '요구', '보유', '경남', '더불어 민주당', '답하고', '문재인 더불어', '대표', '거래소', '측은', '관련해', '덧붙였', '코스닥', '이해관계'}
5945	'이제는 본선' 안철수, TK민심 훑고 문재인 때리고	{'순흥', '만나', '중앙', '돌파', '해석', '소화하며', '관계자', '평소', '일으키', '안동시', '로서', '깔린', '캠프 총괄', '들렀', '질타', '흔치 않게', '통합', '자극하려', '매머드', '알려졌', '서문시장', '당세', '득표율', '총괄 본부장', '들어갔', '행보', '더불어 민주당', '안철수', '모두 압승하', '앞둔', '넘긴', '열망', '안철수 김준', '최근', '제시할', '준비하는', '충청권', '효율', '구성되', '캠프', '월성', '느낀', '촘촘', '취약', '다가섰', '유력', '송영길', '다가오는', '타이어', '희망했', '콤팩트', '업무', '국민의당', '인사하고', '견제', '대규모', '애초', '대비해', '감치', '개혁', '대비한', '강조했', '예정된', '전환하는 작업', '방향', '민주당 문재인', '최적', '점점 현실', '내세', '혈연'}
5979	"홍준표 ""문재인, '세월호' 유병언 회사 파산관재인 맡았다""(종합)"	{'후보', '마치', '바다 이야기', '파산관재인', '토론', '비판했', '홍준표 경상남도지사', '달러', '국민', '주장했', '시작하자', '바로잡', '박근혜', '대한민국', '채무 탕감', '화두', '조사할', '지적했', '연합뉴스', '공적자금 들어간', '여태 답변', '더불어 민주당', '들어간 유병언', '몰랐', '유병언 업체', '관련되는 문제점', '운영했', '행방', '대통령', '문재인 변호사', '하면', '청산', '아주', '맡았', '세탁기', '노무현', '밝혔', '변호사 시절', '관련된 문제점', '세월호', '덧붙였', '민주당 문재인', '이슬기', '선임'}
5994	"홍준표 ""문재인, '세월호' 유병언 회사 파산관재인 맡았다"""	{'후보', '마치', '바다 이야기', '녹화', '토론', '비판했', '홍준표 경상남도지사', '달러', '국민', '주장했', '시작하자', '박근혜', '대한민국', '채무 탕감', '화두', '조사할', '지적했', '공적자금 들어간', '여태 답변', '더불어 민주당', '들어간 유병언', '몰랐', '유병언 업체', '관련되는 문제점', '운영했', '행방', '대통령', '문재인 변호사', '하면', '청산', '맡았', '세탁기', '노무현', '밝혔', '변호사 시절', '관련된 문제점', '세월호', '덧붙였', '민주당 문재인', '이슬기', '파산관재인'}
5995	"문재인 ""압도적인 필승카드, 영남이 도와달라""…TV토론"	{'에서 문재인', '이상헌', '후보 토론회', '교체', '부정부패', '준비된 문재인', '다시 살려', '토론회 에서', '문재인 조정호', '준비하고', '무너진', '대한민국', '에서', '연합뉴스', '에서 압승했', '심장', '더불어 민주당', '헤치', '영남권', '해운대구', '열린 민주당', '대통령', '해달라', '준비된 후보', '지역 방송사', '갈수록', '로드맵', '에서 열린', '마련한', '무너지', '도덕성', '강조했', '민주당 문재인', '무너진 지역'}
5997	"유승민 ""문재인과 싸워 반드시 이기겠다""…후보 수락연설(종합)"	{'문재인', '대기업', '존중하고', '불공정', '로부터', '꿈꾸는', '외교', '가하는', '가계부채', '마지막', '바라는', '차이나 리스크', '가르는', '제거하겠', '유승민', '도입', '보수당', '개혁', '최단', '이루어', '원하고', '지지자', '만들어', '페이스북', '탈출하겠', '포용', '뇌관', '대통령 후보자', '분야', '투철', '국세청', '열린', '책임지', '흔들림', '때문', '미사일', '철학', '준희', '여망 모아', '밝혔', '덧붙였', '바라보고', '설득해', '중소기업', '오로지 대한민국', '마무리', '안정화', '김토일', '앞장서겠', '반드시 경제위기', '가지는 공직자', '반드시 실천하는', '올림픽', '약속했', '해결하고', '날리는 꽃가루', '민주공화국', '설치하고', '어려움', '레드라인', '불평등', '트위터', '환호', '경쟁력', '강조했', '남경필', '일자리', '폭탄', '실천하는 대통령', '국정원', '세우는', '박근혜', '해결하겠', '대한민국', '다루겠', '김승욱', '싸워', '정반대 선택하면', '양극화', '제대로', '노력하는', '후회할 대통령', '설명했', '공동체', '생태계', '시장경제'}
6001	"유승민 ""문재인과 싸워 반드시 이기겠다""…후보 수락연설"	{'만들어', '문재인', '페이스북', '뽑게', '오로지 대한민국', '시작', '마무리', '로부터', '절박', '앞장서겠', '꿈꾸는', '세우는', '박근혜', '대한민국', '결과 김토일', '올림픽', '답례', '매도', '김승욱', '날리는 꽃가루', '마지막', '대통령 후보자', '싸워', '바라는', '어려움', '열린', '책임지', '가르는', '제대로', '때문', '노력하는', '받겠', '후회할 대통령', '트위터', '설명했', '환호', '정반대', '유승민', '준희', '여망 모아', '보수당', '공동체', '반드시', '원하고', '남경필', '바라보고', '지지자'}
6015	[특징주] 문재인株, 호남경선 승리에 '들썩'(종합)	{'성남시장 테마주', '냉탕온탕', '이재명 성남시장', '본사', '대부분', '문재인 테마주', '선출', '않은', '문재인 더불어', '안희정', '권수현', '순회', '학연', '확인되', '안희정 테마주', '브레인', '이재명', '정다운', '방과', '시작했', '엇갈렸', '거래', '연속', '작성하고', '관련성', '써니', '넘게 올랐', '최대', '득표율', '양산', '올라', '더불어 민주당', '무관', '위해', '민주당 대통령', '뉴보텍', '언급', '최근', '실시한', '충방', '텍티앤', '대표이사', '열린', '프리', '제강', '상승세', '코스닥', '건설', '솟아', '안철수 테마주', '자택', '뛰어오른', '거론', '제약', '안철수 국민의당', '백금', '초반', '마쳤'}
6017	"심상정 ""문재인·안철수 구도로 새로운 대한민국 못 만들어"""	{'정의당', '읽었', '문재인', '기울어', '만족했', '외면했', '미적거렸', '교체', '가져가겠', '신세계', '교체 플러스', '금남로', '공약', '주장했', '바로잡', '나서야', '타이어 노동자', '대한민국', '호소', '아시아', '파크', '허락하는 개혁', '안철수', '기득권', '보고서', '환경 자동차', '기자회견', '에너지', '심상정', '해보고 좌절', '과감', '무기', '명령', '개혁', '먹고사는', '완성하겠', '요구하는', '차원', '쇼핑몰 입점', '운동장', '강조했', '민주당', '반드시', '전남도청', '비정규직', '커져', '내놓'}
6022	"'문재인-안철수' 양자구도론에 文측 ""반문프레임""·安 ""현실화"""	{'확산', '호남 중진', '문재인', '제시하는', '형성 강조', '상황', '돌파', '양보하면', '관계자', '출연해', '과정', '사실', '가능성', '당시', '인터뷰', '정치권', '책임', '신경', '나섰', '거두면', '박경준', '호남', '말씀드린', '해보자', '지적했', '지지율', '예측했', '흔들려', '총괄 본부장', '비상 대책위', '더불어 민주당', '더욱', '새누리당 박근혜', '안철수', '말씀드렸', '결집', '열망', '여러', '앞두고', '띄우고', '닫다', '송영길', '똘똘 뭉쳐', '탄핵', '김종인', '국민의당', '생각한', '교체 과업', '미래', '진검', '이야기', '시도한', '자신감', '만들기', '굳혀', '실현될', '않다', '속단', '개혁', '쏠리', '분위기', '공학', '논의', '민주당 비상', '강조했', '일대일', '깔렸', '나오고', '프레임', '격돌', '라디오', '공공', '캠프 총괄', '방식'}
6032	"노회찬 ""문재인-안철수 일대일 구도 가능성 작아"""	{'다가오지', '노회찬 원내대표', '마찬가지', '다니는 비정상', '출연해', '가능성', '문재인 후보', '조건', '주장했', '평가했', '뛰어넘', '지사', '더불어 민주당', '징조', '안철수', '형성하고', '일대일 구도', '대해서', '두르', '시험', '태극기', '김진태', '관련해서', '정의당 노회찬', '국민의당', '모든', '개혁', '바른', '맞설', '라디오', '홍준표', '측면', '민주당 문재인', '포부', '김동호'}
6036	문재인 압승 이후 비문연대 향방은…'응집력 강화' 관측도	{'치르는', '압승시', '꼽히는 국민의당', '문재인', '만나', '협치세력', '이재명 성남시장', '응집', '국민의당 박지원', '관계자', '후보 선출', '해석', '순회', '굳히는', '해당된', '성향', '추진해', '영향', '호남권', '가능성', '빠진', '나타냈', '반대한 친박', '물론', '향후 이어지는', '국민의당 후보', '민주당 호남권', '명분', '연합뉴스', '넘어서려', '지지율', '의미', '압승하', '회의', '더불어 민주당', '말했', '정우택 원내대표', '안철수', '호남권 순회', '반대편', '커질', '최근', '직행', '떨어지', '흔들리는', '대해서', '일어날', '앞두고', '통합 정신', '돌렸', '안갯속 형국', '승리함', '후보 단일', '작용', '청산', '역시', '연결고리', '갈수록', '탄핵', '내다보기', '국민의당', '거부하고', '유승민', '원칙', '추진하는', '안희정 충남지사', '않다', '밝혔', '바른', '기반', '분위기', '반대한', '반작용', '라디오', '홍준표', '면서', '포함한', '나오고', '단일', '다만', '합치기', '필요성', '예측한', '결과'}
6042	"진보교육단체 ""문재인 교육공약, 입시문제 해결에 부족"""	{'공교육 정상화', '촉구했', '문재인', '빠져', '여의도', '비판했', '요구했', '진보 성향', '주장했', '자사고', '평가했', '매우 미온', '검토', '삼아', '박근혜', '사걱세', '관련', '대입전형', '당사자', '지적했', '블라인드', '더불어 민주당', '느닷없', '제안한', '언급', '대해서', '일러스트', '캠프', '기자회견', '축소', '개편안', '채용', '사교육', '이명박', '출신', '일원화', '승은', '국제고'}
6048	"박지원 ""문재인, 탐욕스럽게 변해…스스로 떠날 때 됐다"""	{'후보', '문재인', '페이스북', '서울 여의도', '작태', '국민의당 박지원', '붙였', '출연해', '안희정', '탐욕', '비판했', '식구', '문재인 후보', '불법행위', '대들보', '스스로', '평가했', '통해서 선거인단', '출발', '이재명', '박근혜', '봉투', '걸어 나와', '손학규', '물레방아', '부모님', '약진', '득표율', '여부', '돌릴', '더불어 민주당', '대학생', '안철수 후보', '판단하고', '참석한 박지원', '넘긴', '열린 국민의당', '운동', '언급', '끝난', '대통령', '접대', '관련해서', '흘러간', '우리', '광역단체장', '바랐', '간절', '사실', '참으로', '토론회', '발언', '라디오', '강조했', '알려진 인물', '기초단체장'}
6057	"송영길 ""호남 문재인 압도적 지지, 안철수 지지는 일종의 격려"""	{'싶다', '아침', '후보', '반대하는', '선출', '신율', '압도', '교체', '비판했', '가능성', '요구', '주장했', '호남 순회', '이후', '대한민국', '상대방', '극렬', '호남', '지적했', '총괄 본부장', '대책위', '임형섭 기자', '더불어 민주당', '국민의당 안철수', '사람', '열망', '언급', '대해서', '생각하고', '송영길', '청산', '격려', '왕따 시키는', '김종인', '생각한', '밝혔', '라디오', '프레임', '민주당 문재인', '왕따'}
6059	"주호영 ""문재인 '진짜 안보세력' 주장은 가짜뉴스"""	{'정의당', '상황', '주호영 원내대표', '찾아', '제출한', '리라', '유지할', '해군기지', '비판했', '공약', '꼬집었', '임시국회', '말하는', '주장했', '발전할', '반대하다', '얘기하는', '제시하지', '관련한', '지적했', '주장하고', '대표권', '더불어 민주당', '소개한', '미루자', '김동현', '미사일방어', '벙벙하', '채택', '열린', '기자회견', '발전될', '뉴스', '국민의당', '전개했', '이야기', '참으로', '중단하고', '밝혔', '촉구하는', '감사한', '면서', '원하고', '민주당 문재인', '보복조치', '협상', '모순', '동의해준'}
6067	[특징주] 문재인株 '호남경선 승리'에 들썩	{'메탈', '선출', '종목', '않은', '문재인 더불어', '순회', '현재', '세다', '브레인', '관련성', '최대', '테마주', '득표율', '더불어 민주당', '엠티', '민주당 대통령', '권수현 기자', '뉴보텍', '승하', '이유나 확인되', '하기', '실시한', '대표이사', '열린', '상승세', '움직', '가운데', '꼽혀'}
6096	"문재인 ""압도적 승리의 힘으로 정권교체…적폐청산 동력""(종합)"	{'감사', '페이스북', '싶은', '만나', '동력', '교체', '순회', '혜림', '안희정', '승리하겠', '준비', '광역시', '통합', '평가해', '조금', '바치', '연합뉴스', '염원', '각오', '더불어 민주당', '거듭 강조했', '적폐 청산', '약속했', '너무나', '이어질', '대해서', '요인', '진심', '자평', '충청권', '승리할', '헌법', '수도권', '해주신', '살아날', '믿음', '거뒀', '올라가기', '밝혔', '반드시 부응', '유니버시아드 체육관', '도덕성', '극복', '흠결', '민주당 문재인', '생각하느', '다른'}
6109	'문재인·안철수 격돌'로 가는 호남 민심	{'내다봤', '떠올렸', '여운', '문재인', '마찬가지', '분석', '심상정 정의당', '관계자', '커졌', '안희정', '마무리', '가능성', '우려', '김모', '끝나지', '이재명', '결정된', '않았', '패배', '운영하는 정인섭', '행사', '손학규', '민주당 호남권', '박주선', '득표율', '참여하는', '걱정했', '처음', '더불어 민주당', '받으', '끝내고', '소감', '국민의당 안철수', '호남권 순회', '압승', '원하는', '지지자', '격차', '대통령', '바라보는', '관심사', '용봉동', '유권자', '승리한 문재인', '견제', '정치권 관계자', '넘버원', '승리했', '사실', '거뒀', '해야', '매치', '민주당 전남도', '텃밭', '지켜본 국민의당', '흥행', '안철수 국민의당', '참석했', '벌어진', '오히려 안철수', '말하기'}
6119	호남서 '대세론' 확인한 문재인,결선없이 본선 갈까	{'너무 벌어진', '달성', '문재인', '좁혀', '관계자', '평가하고', '순회', '포인트', '성공한', '영향', '치열', '모멘텀', '날개', '벌어질', '이미지', '라운드', '캠프', '최근 국민의당', '홍해', '높아진 가운데', '안희정 충남지사', '나아가', '선택했', '인정받', '앞세운', '발언 논란', '곧바로', '내다봤', '교체', '로서', '끝내겠', '추격', '끝낼', '열리는 만큼', '조금', '뛰어넘', '거두면', '득표율', '임형섭', '좁히는', '시작되', '대통령 후보자', '압승', '수도권', '예상되', '사실', '목소리', '과반', '오히려', '텃밭', '무엇', '광산구', '집중될', '이재명 성남시장', '굳히는', '출신 선거인단', '흘러나온', '아쉬움', '벌어지 면서', '통합', '윤곽', '후보자 호남권', '확인한', '걸렸', '레이스', '더불어 민주당', '안철수', '물론 대연정', '손가락', '가까워진', '직행', '탄력', '쏠림', '린다', '이동하는 만큼', '트레이드 마크', '경쟁력', '절감', '발판', '뚜렷', '않으', '밭길', '물론', '판가름', '바람', '김인철', '포기할', '공통', '충청권', '격차', '인사하고', '애초', '깜짝', '라며', '유니버시아드 체육관', '민주당 관계자', '앞세워', '분석'}
6140	문재인, 민주 호남경선 60.2% 득표로 압승…대세론 확인(종합)	{'에서 문재인', '광산구', '강원', '문재인', '이재명 성남시장', '에서 최대한', '이상헌', '교체', '안희정', '순회', '포인트', '가능성', '승리해', '그친 안희정', '에서 실시된', '열린 더불어', '취재', '이재명', '더욱 탄력', '광역시', '평가된', '문재인 지지자', '패배', '고양시장', '낙점', '신호', '후보자 호남권', '비상', '에서 압승함', '염원', '근거지', '더불어 민주당', '다소', '더욱 어려워진', '민주당 대통령', '따라 초반', '모멘텀', '이어질', '체육관 에서', '김인철', '대통령 후보자', '대학교 유니버시아드', '비행기', '떨어지', '압승했', '빠질', '미지수', '탄력', '선거인단', '승리함', '수도권', '에서 유효', '생각한', '환호', '부담', '에서 열린', '다가온 자신', '안희정 충남지사', '불과', '시도할', '마련할', '각종 여론조사', '마련해야', '지적도 나오고', '텃밭', '반드시 부응', '유니버시아드 체육관', '달려온', '지지자'}
6146	"문재인 ""압도적 승리의 힘으로 정권교체…호남 기대에 부응"""	{'감사', '오늘', '만나', '싶은 욕심', '교체', '순회', '혜림', '안희정', '승리', '준비', '광역시', '통합', '평가해', '조금', '연합뉴스', '염원', '각오', '더불어 민주당', '너무나', '대해서', '요인', '자평', '충청권', '수도권', '결정', '거뒀', '올라가기', '밝혔', '반드시 부응', '유니버시아드 체육관', '도덕성', '극복', '강조했', '흠결', '민주당 문재인', '생각하느'}
6163	문재인, 민주 호남 경선서 압승…60.2% 득표(3보)	{'실시된 더불어', '광산구', '문재인', '이재명 성남시장', '이상헌', '안희정', '포인트', '승리해', '저하', '이재명', '충청', '광역시', '유효', '평가된', '패배', '고양시장', '확대한', '마련해야 하는', '하는 부담', '후보자 호남권', '비상', '더욱', '근거지', '더불어 민주당', '다소', '더욱 어려워진', '민주당 대통령', '모멘텀', '이어질', '대통령 후보자', '따라', '떨어지', '미지수', '열린', '승리함', '하는', '최대한', '직행 가능성', '수도권', '살아날', '인사하고', '다가온 자신', '불과', '안희정 충남지사', '시도할', '각종 여론조사', '압승함', '텃밭', '민주당', '유니버시아드 체육관', '달려온'}
6179	문재인, 민주 호남 경선서 압승(2보)	{'광역시', '후보', '문재인', '안희정 충남지사', '실시된', '압승했', '이재명 성남시장', '이상헌', '민주당', '득표율', '유니버시아드 체육관', '대통령 후보', '민주당 후보', '더불어 민주당', '민주당 대통령'}
6194	"김종인 ""문재인과 비문 1대 1 구도 쉽게 이뤄지지 않을 것"""	{'치르는', '검찰', '이뤄지', '대교구', '문재인', '피의자', '원로', '지도자', '참석자', '찾아', '취하는', '국민', '판단할', '주장했', '출마 여부', '사람인', '만났', '방문한 김종인', '천주교', '박근혜', '전개되는', '해소할', '대답했', '더불어 민주당', '전하러', '끝난 상황', '대구시', '유림', '대통령', '거듭 권유', '혼란', '판단해 선택하실', '이야기', '사단법인 담수회', '정해지', '상황 지켜봐', '대통령 구속영장', '뭐라고 이야기할', '달렸', '메시지', '덧붙였', '최수호', '무슨', '탄생하는'}
6202	[특징주] 문재인·안철수 대선테마주 동반 급등(종합)	{'분류', '소식', '과거', '문재인 테마주', '산업', '권수현', '문재인 더불어', '관련 종목', '다믈 멀티미디어', '걸쳐', '영향', '브레인', '신경민', '알려지', '관련', '베이스', '넘는 수준', '호남', '테마주', '최대', '지지율', '더불어 민주당', '무관', '내기', '엠티', '증권', '뉴보텍', '최근', '물산', '가격', '안철수 관련', '합류', '받았', '제외하고', '비롯해', '해명 공시', '유력', '역시', '우리', '상승세', '사실', '문재인 캠프', '솟아', '설립', '앞서 우성', '안철수 테마주', '크게 올랐', '발표된 여론조사', '특정', '뛰어오른', '공시 우성', '안철수 국민의당'}
6226	광주시선관위, '문재인 치매설 작성·게시 네티즌' 검찰에 고발	{'왜곡', '공직선거법', '치매', '흑색선전', '여운', '운영하고', '조치', '수사의뢰', '네티즌', '필요 증상', '일반인', '엄중', '가능성', '문재인 치매', '위법행위', '국내 인터넷', '대응하기', '준비', '광역시', '판단하는', '비방', '블로그 방문자', '광주시 선관위', '입후보 예정자', '더불어 민주당', '후보자', '운영자', '인터넷 블로그', '위원회', '사이버', '건강검진 필요', '선관위 관계자', '흔들리', '노력해 달라', '대통령선거 입후보', '캠프', '실시간 모니터링', '재생산', '유권자', '밝혔', '인터넷 포털사이트', '이용한', '민주당 문재인', '증상'}
6241	전직 부산시의원 12명 문재인 지지 선언	{'김수근', '이동윤', '문재인', '최형욱', '반성', '겠다', '성향', '누렸다', '만드는', '김종대', '정대욱', '처음', '이종민', '더불어 민주당', '새누리당', '위해', '사상구', '부산시', '지역감정 해소', '아우', '해운대구', '분권 실현', '전윤애', '브리핑', '영남', '기자회견', '대통령', '비롯해', '전일수', '선언문', '한나라당', '밝혔', '라며', '출신', '동래구', '갖춘 준비된', '금정구'}
6254	"주승용 ""문재인 대세론 꺾어달라는 호남민심 확인"""	{'국민의당 지지자', '문재인', '갈수록 더욱', '현장', '시간', '앵커', '좌측 스태빌라이저', '전망했', '문재인 후보', '주승용 원내대표', '나오시', '심판', '성공', '평가했', '대리투표', '다짐했', '치러', '관련', '문제', '감추기', '함부로', '호남', '확인했', '지적했', '시키', '추진단', '회의', '가족', '다하겠', '옮기는', '커질', '참석해 발언', '국민의당 주승용', '역선택', '아직', '박수윤', '캠프', '대통령', '해양수산부', '반영해', '벌써 나온', '계속', '유력', '전두환', '선거인단 모집', '어게인 국민의당', '밝혔', '발언', '신항', '세월호', '흥행', '도착하면', '세월호 침몰'}
6279	"""문재인 34.4%·안희정 17.1%·안철수 12.6%·이재명 10.2%"""	{'최고', '정의당', '문재인', '정의당 심상정', '상승세 민주당', '당내', '이재명 성남시장', '신뢰수준', '대부분', '탈환', '핵심', '올랐', '각각 집계', '안희정', '포인트', '순회', '리얼미터', '포인트 떨어진', '통계', '홍준표 경상남도지사', '매일경제', '포인트 내린', '개요', '이재명', '리얼미터 홈페이지', '거둔', '에서', '포인트 떨어졌', '분석했', '포함된', '이뤄졌', '걸렸', '레이스', '떨어졌', '위원회 홈페이지', '나타났', '더불어 민주당', '네거티브', '안철수', '국민의당 안철수', '안희정 충청남도지사', '마지막', '실시한', '충청권 에서', '충청권', '따라', '국민의당 손학규', '각각 올랐', '남경필 경기도', '행정자치부 주민등록', '불구하고', '김진태', '타며 추격', '좁혔', '수도권', '참조', '열리는', '국민의당', '표본', '유승민', '여론조사', '밝혔', '지난주', '홍준표', '앞서는 지지율', '민주당 문재인', '집계 여론조사', '권역별', '상당수 결집', '방식'}
